Timestamp,Traffic Volume (Mbps),Network Latency (ms),Throughput (Mbps),Packet Loss (%),Signal Strength (dBm),Resource Allocation (%),Handover Success (0/1)
2025-01-27 18:00:00,4.904,49.0,35.0,0.57,-84.0,85.0,0
2025-01-27 18:00:01,5.352,35.0,15.0,0.69,-82.0,50.0,0
2025-01-27 18:00:02,5.344,16.0,15.0,1.97,-83.0,72.0,0
2025-01-27 18:00:03,2.304,14.0,33.0,1.72,-78.0,68.0,0
2025-01-27 18:00:04,1.064,32.0,34.0,0.93,-70.0,52.0,1
2025-01-27 18:00:05,1.296,42.0,37.0,0.72,-75.0,83.0,1
2025-01-27 18:00:06,5.68,30.0,28.0,0.2,-64.0,86.0,1
2025-01-27 18:00:07,5.456,10.0,22.0,0.59,-74.0,54.0,1
2025-01-27 18:00:08,6.656,34.0,24.0,0.92,-62.0,85.0,0
2025-01-27 18:00:09,1.496,20.0,33.0,1.96,-85.0,82.0,1
2025-01-27 18:00:10,1.304,39.0,41.0,2.66,-62.0,85.0,1
2025-01-27 18:00:11,5.856,32.0,47.0,1.23,-89.0,87.0,1
2025-01-27 18:00:12,5.928,27.0,11.0,2.56,-78.0,52.0,0
2025-01-27 18:00:13,7.672,14.0,28.0,0.38,-66.0,76.0,1
2025-01-27 18:00:14,4.368,49.0,33.0,1.8,-76.0,60.0,0
2025-01-27 18:00:15,0.888,26.0,46.0,1.81,-66.0,73.0,0
2025-01-27 18:00:16,2.144,42.0,25.0,0.37,-72.0,76.0,1
2025-01-27 18:00:17,3.24,28.0,14.0,0.25,-67.0,57.0,0
2025-01-27 18:00:18,4.008,11.0,10.0,1.21,-71.0,57.0,1
2025-01-27 18:00:19,6.968,31.0,23.0,0.71,-72.0,81.0,0
2025-01-27 18:00:20,4.568,42.0,30.0,1.96,-89.0,66.0,0
2025-01-27 18:00:21,7.368,10.0,38.0,2.62,-73.0,60.0,1
2025-01-27 18:00:22,0.888,47.0,38.0,2.68,-68.0,89.0,1
2025-01-27 18:00:23,7.208,36.0,22.0,0.17,-84.0,70.0,0
2025-01-27 18:00:24,1.488,34.0,11.0,0.88,-76.0,55.0,1
2025-01-27 18:00:25,1.96,27.0,43.0,0.61,-87.0,69.0,1
2025-01-27 18:00:26,2.84,41.0,43.0,2.28,-84.0,52.0,0
2025-01-27 18:00:27,6.96,41.0,30.0,2.54,-74.0,62.0,0
2025-01-27 18:00:28,4.984,16.0,48.0,0.95,-81.0,79.0,1
2025-01-27 18:00:29,0.808,41.0,29.0,1.85,-76.0,65.0,0
2025-01-27 18:00:30,7.408,37.0,49.0,1.73,-65.0,79.0,1
2025-01-27 18:00:31,6.104,16.0,20.0,2.57,-77.0,66.0,0
2025-01-27 18:00:32,5.344,47.0,25.0,1.31,-85.0,75.0,0
2025-01-27 18:00:33,2.984,42.0,32.0,2.54,-79.0,78.0,0
2025-01-27 18:00:34,5.392,41.0,46.0,2.99,-85.0,70.0,1
2025-01-27 18:00:35,7.272,38.0,30.0,2.2,-70.0,73.0,1
2025-01-27 18:00:36,1.28,42.0,12.0,0.87,-64.0,79.0,1
2025-01-27 18:00:37,5.408,40.0,44.0,2.57,-81.0,71.0,0
2025-01-27 18:00:38,7.936,33.0,10.0,1.75,-85.0,50.0,0
2025-01-27 18:00:39,2.496,32.0,49.0,0.54,-78.0,76.0,1
2025-01-27 18:00:40,2.064,38.0,32.0,2.03,-62.0,59.0,0
2025-01-27 18:00:41,6.36,14.0,13.0,1.44,-62.0,61.0,1
2025-01-27 18:00:42,3.776,47.0,24.0,0.4,-68.0,72.0,1
2025-01-27 18:00:43,1.328,11.0,15.0,0.66,-73.0,65.0,0
2025-01-27 18:00:44,4.168,31.0,24.0,1.81,-66.0,76.0,1
2025-01-27 18:00:45,7.872,36.0,44.0,1.88,-84.0,71.0,0
2025-01-27 18:00:46,1.704,37.0,24.0,0.29,-67.0,84.0,0
2025-01-27 18:00:47,7.88,32.0,14.0,2.88,-66.0,57.0,1
2025-01-27 18:00:48,3.784,42.0,21.0,1.65,-61.0,81.0,1
2025-01-27 18:00:49,3.496,17.0,49.0,1.79,-71.0,55.0,0
2025-01-27 18:00:50,6.152,40.0,30.0,1.22,-65.0,68.0,0
2025-01-27 18:00:51,6.136,19.0,10.0,1.11,-79.0,88.0,0
2025-01-27 18:00:52,6.704,19.0,15.0,1.29,-64.0,66.0,0
2025-01-27 18:00:53,4.624,35.0,46.0,2.16,-87.0,70.0,1
2025-01-27 18:00:54,2.368,29.0,13.0,1.65,-82.0,87.0,1
2025-01-27 18:00:55,3.664,22.0,28.0,2.32,-70.0,82.0,1
2025-01-27 18:00:56,1.272,31.0,15.0,0.1,-80.0,69.0,0
2025-01-27 18:00:57,7.768,44.0,36.0,1.27,-78.0,76.0,0
2025-01-27 18:00:58,7.488,46.0,25.0,1.72,-70.0,81.0,1
2025-01-27 18:00:59,1.696,33.0,34.0,0.5,-76.0,86.0,0
2025-01-27 18:01:00,6.768,48.0,35.0,2.4,-68.0,76.0,0
2025-01-27 18:01:01,1.688,11.0,20.0,0.2,-61.0,78.0,1
2025-01-27 18:01:02,7.096,17.0,17.0,1.63,-84.0,61.0,0
2025-01-27 18:01:03,5.048,33.0,46.0,2.71,-81.0,62.0,0
2025-01-27 18:01:04,5.872,42.0,22.0,1.6,-65.0,67.0,1
2025-01-27 18:01:05,2.712,44.0,19.0,1.61,-83.0,82.0,1
2025-01-27 18:01:06,4.32,36.0,34.0,0.68,-79.0,52.0,1
2025-01-27 18:01:07,3.952,28.0,38.0,0.34,-78.0,78.0,0
2025-01-27 18:01:08,7.864,31.0,49.0,0.29,-73.0,59.0,1
2025-01-27 18:01:09,6.912,10.0,45.0,0.78,-73.0,88.0,0
2025-01-27 18:01:10,7.256,44.0,18.0,0.55,-70.0,73.0,0
2025-01-27 18:01:11,5.528,24.0,23.0,1.52,-78.0,74.0,1
2025-01-27 18:01:12,3.328,41.0,35.0,0.94,-77.0,52.0,1
2025-01-27 18:01:13,7.312,37.0,36.0,1.57,-72.0,55.0,1
2025-01-27 18:01:14,1.032,32.0,10.0,2.15,-85.0,50.0,0
2025-01-27 18:01:15,6.864,14.0,27.0,0.14,-67.0,58.0,0
2025-01-27 18:01:16,4.08,27.0,44.0,1.1,-83.0,73.0,0
2025-01-27 18:01:17,2.032,14.0,35.0,2.26,-85.0,72.0,1
2025-01-27 18:01:18,1.12,30.0,26.0,0.6,-85.0,51.0,0
2025-01-27 18:01:19,7.944,26.0,32.0,0.62,-64.0,80.0,1
2025-01-27 18:01:20,3.112,25.0,36.0,2.25,-90.0,66.0,1
2025-01-27 18:01:21,2.48,43.0,45.0,2.58,-70.0,76.0,1
2025-01-27 18:01:22,7.128,31.0,11.0,2.93,-70.0,66.0,1
2025-01-27 18:01:23,7.656,44.0,29.0,0.91,-62.0,70.0,1
2025-01-27 18:01:24,6.928,32.0,26.0,2.74,-69.0,51.0,0
2025-01-27 18:01:25,4.816,23.0,35.0,2.39,-61.0,71.0,1
2025-01-27 18:01:26,3.456,39.0,40.0,1.69,-69.0,50.0,0
2025-01-27 18:01:27,4.304,47.0,29.0,1.84,-81.0,66.0,1
2025-01-27 18:01:28,3.408,32.0,14.0,1.42,-62.0,87.0,1
2025-01-27 18:01:29,3.208,14.0,31.0,1.2,-80.0,54.0,0
2025-01-27 18:01:30,6.76,19.0,34.0,2.75,-88.0,86.0,1
2025-01-27 18:01:31,4.272,32.0,20.0,2.88,-68.0,63.0,0
2025-01-27 18:01:32,3.16,43.0,25.0,1.6,-89.0,56.0,0
2025-01-27 18:01:33,6.656,31.0,12.0,1.51,-65.0,77.0,0
2025-01-27 18:01:34,6.2,43.0,30.0,1.86,-73.0,78.0,0
2025-01-27 18:01:35,2.272,19.0,28.0,2.58,-66.0,63.0,0
2025-01-27 18:01:36,5.064,39.0,23.0,1.9,-85.0,58.0,0
2025-01-27 18:01:37,4.368,26.0,19.0,1.97,-81.0,74.0,1
2025-01-27 18:01:38,5.576,47.0,36.0,1.93,-69.0,76.0,1
2025-01-27 18:01:39,7.128,21.0,48.0,2.87,-87.0,56.0,1
2025-01-27 18:01:40,1.032,47.0,17.0,2.58,-66.0,58.0,0
2025-01-27 18:01:41,2.336,45.0,46.0,2.69,-64.0,82.0,1
2025-01-27 18:01:42,1.264,30.0,42.0,0.57,-72.0,70.0,0
2025-01-27 18:01:43,6.224,11.0,21.0,0.47,-86.0,54.0,0
2025-01-27 18:01:44,5.152,39.0,25.0,1.09,-86.0,89.0,0
2025-01-27 18:01:45,2.488,10.0,11.0,1.21,-62.0,51.0,1
2025-01-27 18:01:46,4.632,29.0,10.0,0.13,-89.0,61.0,0
2025-01-27 18:01:47,1.56,35.0,18.0,0.39,-78.0,59.0,1
2025-01-27 18:01:48,6.88,16.0,12.0,1.59,-64.0,86.0,0
2025-01-27 18:01:49,3.304,37.0,36.0,1.29,-68.0,66.0,0
2025-01-27 18:01:50,0.976,40.0,49.0,0.63,-73.0,52.0,0
2025-01-27 18:01:51,2.624,41.0,10.0,0.3,-82.0,60.0,0
2025-01-27 18:01:52,5.088,24.0,20.0,0.52,-62.0,59.0,0
2025-01-27 18:01:53,6.016,44.0,20.0,0.18,-78.0,69.0,0
2025-01-27 18:01:54,2.96,20.0,48.0,2.57,-78.0,84.0,1
2025-01-27 18:01:55,7.256,40.0,10.0,2.3,-83.0,58.0,1
2025-01-27 18:01:56,6.248,39.0,30.0,0.31,-75.0,75.0,0
2025-01-27 18:01:57,6.432,27.0,40.0,0.78,-66.0,82.0,1
2025-01-27 18:01:58,5.592,36.0,47.0,1.06,-73.0,64.0,1
2025-01-27 18:01:59,1.24,25.0,49.0,2.15,-75.0,57.0,0
2025-01-27 18:02:00,7.928,22.0,47.0,1.49,-81.0,54.0,0
2025-01-27 18:02:01,2.904,17.0,36.0,2.31,-62.0,72.0,1
2025-01-27 18:02:02,1.536,47.0,23.0,2.96,-70.0,76.0,1
2025-01-27 18:02:03,5.616,32.0,12.0,0.74,-67.0,84.0,0
2025-01-27 18:02:04,7.464,36.0,19.0,0.41,-79.0,79.0,1
2025-01-27 18:02:05,0.968,22.0,47.0,2.67,-81.0,68.0,0
2025-01-27 18:02:06,6.184,18.0,22.0,1.99,-78.0,89.0,0
2025-01-27 18:02:07,1.264,13.0,31.0,2.58,-66.0,76.0,1
2025-01-27 18:02:08,4.592,40.0,29.0,1.55,-90.0,70.0,0
2025-01-27 18:02:09,4.4,46.0,46.0,1.88,-69.0,62.0,0
2025-01-27 18:02:10,6.856,36.0,22.0,2.29,-75.0,58.0,1
2025-01-27 18:02:11,7.472,39.0,10.0,1.02,-83.0,73.0,0
2025-01-27 18:02:12,3.848,28.0,26.0,0.72,-88.0,84.0,0
2025-01-27 18:02:13,5.84,49.0,19.0,0.92,-66.0,83.0,1
2025-01-27 18:02:14,7.648,24.0,44.0,2.62,-86.0,71.0,1
2025-01-27 18:02:15,0.824,44.0,34.0,1.38,-64.0,85.0,0
2025-01-27 18:02:16,3.856,35.0,25.0,0.32,-63.0,84.0,0
2025-01-27 18:02:17,3.816,28.0,31.0,1.74,-76.0,59.0,0
2025-01-27 18:02:18,2.2,15.0,27.0,2.76,-78.0,70.0,0
2025-01-27 18:02:19,1.04,23.0,46.0,2.33,-65.0,72.0,1
2025-01-27 18:02:20,2.64,32.0,11.0,1.61,-89.0,84.0,0
2025-01-27 18:02:21,5.752,32.0,29.0,1.57,-86.0,58.0,1
2025-01-27 18:02:22,7.096,14.0,11.0,1.83,-67.0,64.0,1
2025-01-27 18:02:23,3.448,22.0,40.0,0.43,-69.0,72.0,1
2025-01-27 18:02:24,4.544,27.0,35.0,2.89,-61.0,73.0,0
2025-01-27 18:02:25,6.112,15.0,42.0,2.99,-63.0,89.0,1
2025-01-27 18:02:26,2.096,41.0,47.0,2.94,-72.0,55.0,1
2025-01-27 18:02:27,2.544,33.0,20.0,2.98,-84.0,86.0,1
2025-01-27 18:02:28,5.184,45.0,46.0,1.23,-61.0,54.0,0
2025-01-27 18:02:29,6.44,32.0,31.0,1.36,-85.0,63.0,1
2025-01-27 18:02:30,1.584,22.0,40.0,1.13,-80.0,73.0,1
2025-01-27 18:02:31,2.88,37.0,34.0,0.71,-64.0,72.0,0
2025-01-27 18:02:32,1.152,42.0,18.0,2.59,-61.0,75.0,0
2025-01-27 18:02:33,1.496,24.0,16.0,0.24,-69.0,71.0,0
2025-01-27 18:02:34,1.16,37.0,17.0,2.58,-80.0,73.0,1
2025-01-27 18:02:35,6.496,13.0,45.0,0.49,-68.0,79.0,0
2025-01-27 18:02:36,3.184,12.0,21.0,1.17,-87.0,74.0,0
2025-01-27 18:02:37,2.4,44.0,47.0,2.86,-65.0,70.0,1
2025-01-27 18:02:38,1.776,13.0,49.0,1.32,-78.0,75.0,1
2025-01-27 18:02:39,5.288,26.0,39.0,2.47,-77.0,63.0,1
2025-01-27 18:02:40,6.128,18.0,22.0,2.33,-65.0,77.0,0
2025-01-27 18:02:41,3.16,10.0,22.0,1.74,-67.0,74.0,0
2025-01-27 18:02:42,5.936,34.0,25.0,1.33,-88.0,63.0,0
2025-01-27 18:02:43,6.064,38.0,17.0,0.19,-76.0,69.0,1
2025-01-27 18:02:44,3.528,30.0,14.0,1.93,-80.0,86.0,1
2025-01-27 18:02:45,6.496,38.0,33.0,0.59,-68.0,64.0,0
2025-01-27 18:02:46,2.08,17.0,47.0,0.26,-74.0,82.0,0
2025-01-27 18:02:47,5.488,29.0,32.0,1.78,-78.0,75.0,0
2025-01-27 18:02:48,3.56,37.0,36.0,1.2,-77.0,70.0,1
2025-01-27 18:02:49,4.424,49.0,48.0,0.8,-78.0,63.0,0
2025-01-27 18:02:50,2.464,17.0,17.0,1.27,-74.0,50.0,0
2025-01-27 18:02:51,7.584,19.0,28.0,0.38,-88.0,62.0,1
2025-01-27 18:02:52,2.664,22.0,30.0,1.43,-66.0,82.0,0
2025-01-27 18:02:53,4.784,12.0,48.0,0.55,-65.0,53.0,1
2025-01-27 18:02:54,3.776,43.0,40.0,0.69,-74.0,81.0,1
2025-01-27 18:02:55,5.384,15.0,46.0,1.46,-79.0,71.0,0
2025-01-27 18:02:56,3.704,49.0,34.0,1.46,-89.0,84.0,0
2025-01-27 18:02:57,2.944,44.0,28.0,2.74,-61.0,72.0,1
2025-01-27 18:02:58,6.96,36.0,20.0,1.2,-85.0,59.0,1
2025-01-27 18:02:59,5.952,13.0,16.0,0.46,-76.0,62.0,0
2025-01-27 18:03:00,4.544,38.0,34.0,2.09,-62.0,56.0,1
2025-01-27 18:03:01,7.152,44.0,40.0,0.37,-79.0,59.0,1
2025-01-27 18:03:02,5.168,22.0,19.0,2.0,-61.0,67.0,0
2025-01-27 18:03:03,1.616,32.0,30.0,1.47,-88.0,70.0,0
2025-01-27 18:03:04,3.296,35.0,21.0,2.75,-88.0,70.0,0
2025-01-27 18:03:05,7.08,21.0,16.0,1.9,-89.0,68.0,1
2025-01-27 18:03:06,5.792,24.0,15.0,0.87,-82.0,64.0,1
2025-01-27 18:03:07,3.88,41.0,30.0,2.18,-75.0,89.0,1
2025-01-27 18:03:08,7.384,35.0,23.0,1.91,-70.0,59.0,1
2025-01-27 18:03:09,1.52,45.0,39.0,2.5,-77.0,83.0,0
2025-01-27 18:03:10,6.88,47.0,31.0,1.5,-75.0,58.0,1
2025-01-27 18:03:11,1.104,33.0,23.0,0.77,-86.0,60.0,0
2025-01-27 18:03:12,1.936,44.0,32.0,1.75,-61.0,70.0,0
2025-01-27 18:03:13,1.08,40.0,49.0,2.15,-78.0,62.0,1
2025-01-27 18:03:14,2.376,43.0,36.0,1.9,-70.0,87.0,1
2025-01-27 18:03:15,3.56,43.0,26.0,2.6,-65.0,87.0,0
2025-01-27 18:03:16,4.864,32.0,14.0,0.23,-74.0,62.0,0
2025-01-27 18:03:17,5.568,43.0,28.0,2.74,-87.0,81.0,1
2025-01-27 18:03:18,7.16,36.0,28.0,0.87,-72.0,53.0,0
2025-01-27 18:03:19,1.168,37.0,46.0,1.72,-76.0,55.0,1
2025-01-27 18:03:20,4.792,17.0,45.0,0.22,-76.0,56.0,0
2025-01-27 18:03:21,3.168,32.0,19.0,1.82,-79.0,68.0,0
2025-01-27 18:03:22,6.16,37.0,13.0,1.37,-74.0,86.0,1
2025-01-27 18:03:23,7.744,13.0,42.0,1.27,-84.0,80.0,0
2025-01-27 18:03:24,7.768,28.0,39.0,2.0,-86.0,64.0,1
2025-01-27 18:03:25,1.184,38.0,24.0,0.49,-83.0,88.0,1
2025-01-27 18:03:26,7.664,42.0,21.0,1.42,-85.0,73.0,0
2025-01-27 18:03:27,3.152,16.0,49.0,1.91,-80.0,88.0,0
2025-01-27 18:03:28,6.544,12.0,24.0,2.2,-73.0,55.0,0
2025-01-27 18:03:29,6.6,35.0,39.0,2.33,-65.0,60.0,1
2025-01-27 18:03:30,6.008,17.0,24.0,0.73,-62.0,56.0,0
2025-01-27 18:03:31,4.576,24.0,28.0,1.56,-72.0,65.0,1
2025-01-27 18:03:32,7.76,15.0,48.0,0.81,-63.0,89.0,0
2025-01-27 18:03:33,3.208,28.0,31.0,0.7,-78.0,53.0,1
2025-01-27 18:03:34,7.704,12.0,35.0,0.58,-84.0,69.0,0
2025-01-27 18:03:35,5.296,40.0,27.0,1.8,-73.0,51.0,1
2025-01-27 18:03:36,5.576,15.0,33.0,1.5,-65.0,89.0,1
2025-01-27 18:03:37,6.92,31.0,41.0,2.5,-77.0,69.0,0
2025-01-27 18:03:38,5.4,33.0,38.0,0.62,-78.0,85.0,1
2025-01-27 18:03:39,1.336,16.0,46.0,1.85,-74.0,67.0,0
2025-01-27 18:03:40,6.248,20.0,35.0,1.43,-71.0,55.0,1
2025-01-27 18:03:41,1.832,23.0,24.0,0.24,-85.0,67.0,1
2025-01-27 18:03:42,3.656,28.0,48.0,1.87,-69.0,62.0,1
2025-01-27 18:03:43,3.752,23.0,25.0,1.64,-85.0,58.0,0
2025-01-27 18:03:44,3.296,41.0,28.0,0.5,-75.0,83.0,1
2025-01-27 18:03:45,3.568,45.0,48.0,0.33,-66.0,64.0,1
2025-01-27 18:03:46,0.96,41.0,40.0,0.55,-61.0,81.0,0
2025-01-27 18:03:47,7.656,48.0,45.0,0.33,-70.0,65.0,1
2025-01-27 18:03:48,3.456,29.0,27.0,1.48,-68.0,61.0,0
2025-01-27 18:03:49,6.16,33.0,48.0,0.65,-69.0,71.0,0
2025-01-27 18:03:50,2.544,15.0,37.0,2.91,-88.0,52.0,1
2025-01-27 18:03:51,0.824,19.0,34.0,0.82,-84.0,80.0,1
2025-01-27 18:03:52,2.6,33.0,17.0,1.25,-64.0,86.0,0
2025-01-27 18:03:53,1.648,26.0,17.0,1.08,-77.0,71.0,1
2025-01-27 18:03:54,5.456,11.0,32.0,0.44,-88.0,53.0,1
2025-01-27 18:03:55,0.824,39.0,45.0,1.0,-73.0,55.0,1
2025-01-27 18:03:56,4.664,38.0,25.0,0.28,-79.0,53.0,1
2025-01-27 18:03:57,0.864,13.0,26.0,2.32,-77.0,65.0,1
2025-01-27 18:03:58,6.136,32.0,26.0,1.15,-77.0,71.0,0
2025-01-27 18:03:59,4.192,46.0,31.0,1.12,-69.0,87.0,0
2025-01-27 18:04:00,4.856,36.0,36.0,2.81,-71.0,60.0,1
2025-01-27 18:04:01,6.192,40.0,45.0,1.5,-72.0,82.0,0
2025-01-27 18:04:02,1.856,46.0,29.0,2.46,-70.0,62.0,1
2025-01-27 18:04:03,7.736,12.0,43.0,0.49,-89.0,54.0,0
2025-01-27 18:04:04,4.912,45.0,13.0,1.29,-72.0,89.0,1
2025-01-27 18:04:05,3.448,20.0,15.0,1.16,-76.0,87.0,0
2025-01-27 18:04:06,6.4,33.0,22.0,2.96,-70.0,60.0,1
2025-01-27 18:04:07,5.16,39.0,42.0,1.86,-83.0,53.0,0
2025-01-27 18:04:08,0.888,16.0,47.0,1.72,-70.0,66.0,0
2025-01-27 18:04:09,3.816,30.0,16.0,1.91,-80.0,82.0,1
2025-01-27 18:04:10,4.744,32.0,17.0,1.48,-80.0,61.0,1
2025-01-27 18:04:11,1.96,24.0,26.0,0.86,-62.0,62.0,1
2025-01-27 18:04:12,4.816,29.0,12.0,2.99,-76.0,60.0,0
2025-01-27 18:04:13,7.312,45.0,47.0,1.88,-82.0,84.0,1
2025-01-27 18:04:14,1.024,39.0,39.0,2.02,-82.0,69.0,1
2025-01-27 18:04:15,5.192,36.0,43.0,1.01,-66.0,51.0,1
2025-01-27 18:04:16,2.632,25.0,24.0,1.3,-85.0,51.0,1
2025-01-27 18:04:17,5.088,40.0,25.0,1.44,-69.0,65.0,1
2025-01-27 18:04:18,7.064,25.0,45.0,2.57,-66.0,79.0,1
2025-01-27 18:04:19,3.048,20.0,45.0,2.21,-65.0,50.0,0
2025-01-27 18:04:20,6.032,39.0,23.0,0.51,-66.0,88.0,1
2025-01-27 18:04:21,5.4,15.0,12.0,0.2,-62.0,66.0,1
2025-01-27 18:04:22,7.008,24.0,21.0,0.67,-79.0,70.0,0
2025-01-27 18:04:23,6.584,10.0,32.0,0.27,-66.0,61.0,1
2025-01-27 18:04:24,6.592,26.0,45.0,1.32,-80.0,81.0,0
2025-01-27 18:04:25,3.68,33.0,23.0,2.12,-73.0,75.0,0
2025-01-27 18:04:26,2.264,15.0,36.0,1.91,-80.0,73.0,0
2025-01-27 18:04:27,1.12,47.0,42.0,2.14,-78.0,63.0,0
2025-01-27 18:04:28,5.536,26.0,33.0,1.15,-77.0,71.0,0
2025-01-27 18:04:29,2.768,14.0,18.0,0.99,-77.0,62.0,0
2025-01-27 18:04:30,6.904,35.0,45.0,0.5,-83.0,53.0,0
2025-01-27 18:04:31,4.456,32.0,33.0,0.39,-67.0,69.0,1
2025-01-27 18:04:32,4.624,26.0,27.0,0.86,-69.0,53.0,0
2025-01-27 18:04:33,5.544,15.0,41.0,0.7,-90.0,89.0,1
2025-01-27 18:04:34,5.08,15.0,34.0,2.46,-76.0,75.0,1
2025-01-27 18:04:35,6.344,37.0,31.0,1.42,-73.0,85.0,0
2025-01-27 18:04:36,5.76,13.0,40.0,2.18,-88.0,55.0,0
2025-01-27 18:04:37,1.024,17.0,46.0,2.62,-79.0,82.0,1
2025-01-27 18:04:38,1.864,12.0,47.0,1.63,-88.0,67.0,1
2025-01-27 18:04:39,5.8,35.0,28.0,1.31,-71.0,56.0,1
2025-01-27 18:04:40,1.912,21.0,34.0,1.01,-64.0,50.0,0
2025-01-27 18:04:41,5.176,25.0,29.0,0.45,-65.0,52.0,0
2025-01-27 18:04:42,3.36,38.0,15.0,0.21,-73.0,62.0,1
2025-01-27 18:04:43,4.48,39.0,34.0,2.24,-61.0,68.0,1
2025-01-27 18:04:44,2.088,26.0,43.0,2.9,-79.0,59.0,1
2025-01-27 18:04:45,4.456,44.0,11.0,2.97,-87.0,53.0,0
2025-01-27 18:04:46,6.4,10.0,41.0,2.23,-89.0,83.0,0
2025-01-27 18:04:47,4.192,25.0,36.0,2.0,-62.0,71.0,1
2025-01-27 18:04:48,2.064,37.0,19.0,1.64,-78.0,82.0,0
2025-01-27 18:04:49,5.744,42.0,30.0,2.47,-68.0,53.0,1
2025-01-27 18:04:50,3.032,18.0,47.0,2.66,-75.0,85.0,0
2025-01-27 18:04:51,3.448,21.0,16.0,0.73,-80.0,82.0,1
2025-01-27 18:04:52,1.056,41.0,22.0,0.52,-80.0,68.0,1
2025-01-27 18:04:53,6.368,18.0,13.0,2.22,-77.0,79.0,1
2025-01-27 18:04:54,7.816,28.0,35.0,0.28,-62.0,87.0,1
2025-01-27 18:04:55,5.344,36.0,38.0,1.91,-81.0,72.0,1
2025-01-27 18:04:56,4.552,37.0,38.0,1.22,-84.0,71.0,0
2025-01-27 18:04:57,1.904,43.0,44.0,1.78,-77.0,82.0,0
2025-01-27 18:04:58,3.248,38.0,14.0,1.48,-82.0,87.0,1
2025-01-27 18:04:59,4.864,13.0,27.0,2.09,-74.0,66.0,1
2025-01-27 18:05:00,2.952,32.0,30.0,0.46,-80.0,55.0,1
2025-01-27 18:05:01,4.48,37.0,13.0,1.88,-75.0,53.0,1
2025-01-27 18:05:02,6.84,38.0,35.0,2.2,-76.0,84.0,1
2025-01-27 18:05:03,6.336,22.0,32.0,1.68,-82.0,57.0,0
2025-01-27 18:05:04,2.0,11.0,40.0,1.02,-73.0,77.0,0
2025-01-27 18:05:05,7.08,16.0,14.0,0.31,-73.0,89.0,1
2025-01-27 18:05:06,1.552,35.0,20.0,1.3,-77.0,50.0,1
2025-01-27 18:05:07,4.304,16.0,25.0,0.74,-81.0,83.0,0
2025-01-27 18:05:08,3.456,36.0,22.0,0.54,-85.0,56.0,0
2025-01-27 18:05:09,5.648,25.0,16.0,1.13,-68.0,54.0,0
2025-01-27 18:05:10,3.12,36.0,27.0,2.75,-67.0,64.0,0
2025-01-27 18:05:11,7.192,37.0,24.0,0.88,-87.0,71.0,1
2025-01-27 18:05:12,7.208,43.0,48.0,1.51,-76.0,65.0,0
2025-01-27 18:05:13,4.28,23.0,36.0,0.37,-87.0,65.0,0
2025-01-27 18:05:14,1.12,27.0,36.0,0.51,-73.0,81.0,1
2025-01-27 18:05:15,0.848,14.0,21.0,0.93,-72.0,56.0,1
2025-01-27 18:05:16,6.744,38.0,33.0,1.58,-90.0,73.0,0
2025-01-27 18:05:17,1.904,34.0,40.0,0.64,-65.0,52.0,0
2025-01-27 18:05:18,3.376,14.0,26.0,1.04,-85.0,63.0,0
2025-01-27 18:05:19,1.816,28.0,39.0,0.47,-71.0,73.0,1
2025-01-27 18:05:20,6.288,44.0,44.0,1.97,-76.0,88.0,0
2025-01-27 18:05:21,7.984,33.0,36.0,0.29,-76.0,84.0,1
2025-01-27 18:05:22,7.384,24.0,12.0,2.84,-67.0,75.0,1
2025-01-27 18:05:23,4.864,30.0,37.0,1.46,-61.0,81.0,0
2025-01-27 18:05:24,0.808,13.0,35.0,0.22,-74.0,84.0,1
2025-01-27 18:05:25,4.008,35.0,33.0,0.36,-72.0,55.0,0
2025-01-27 18:05:26,2.584,23.0,12.0,0.12,-86.0,74.0,0
2025-01-27 18:05:27,1.976,11.0,19.0,1.51,-79.0,66.0,0
2025-01-27 18:05:28,6.12,12.0,45.0,2.33,-72.0,76.0,1
2025-01-27 18:05:29,7.664,43.0,45.0,1.35,-69.0,76.0,0
2025-01-27 18:05:30,2.96,18.0,49.0,0.44,-64.0,61.0,0
2025-01-27 18:05:31,7.52,19.0,35.0,1.5,-86.0,53.0,0
2025-01-27 18:05:32,4.168,32.0,41.0,1.28,-66.0,50.0,0
2025-01-27 18:05:33,6.688,12.0,31.0,0.18,-61.0,62.0,1
2025-01-27 18:05:34,3.552,27.0,21.0,2.23,-78.0,78.0,1
2025-01-27 18:05:35,4.976,32.0,10.0,1.3,-82.0,66.0,0
2025-01-27 18:05:36,7.968,37.0,47.0,0.41,-66.0,58.0,0
2025-01-27 18:05:37,2.76,46.0,14.0,2.48,-65.0,73.0,1
2025-01-27 18:05:38,7.44,22.0,14.0,0.11,-63.0,55.0,1
2025-01-27 18:05:39,2.248,29.0,36.0,1.54,-90.0,53.0,1
2025-01-27 18:05:40,2.36,23.0,11.0,0.59,-87.0,69.0,0
2025-01-27 18:05:41,2.528,14.0,15.0,1.51,-62.0,79.0,1
2025-01-27 18:05:42,2.488,14.0,22.0,2.32,-76.0,72.0,1
2025-01-27 18:05:43,1.64,13.0,25.0,0.87,-83.0,59.0,1
2025-01-27 18:05:44,1.624,14.0,27.0,2.21,-61.0,68.0,0
2025-01-27 18:05:45,1.312,42.0,35.0,1.04,-68.0,63.0,0
2025-01-27 18:05:46,3.0,28.0,20.0,1.84,-68.0,66.0,0
2025-01-27 18:05:47,5.016,22.0,45.0,1.46,-72.0,77.0,1
2025-01-27 18:05:48,3.792,25.0,41.0,2.06,-83.0,68.0,0
2025-01-27 18:05:49,6.968,34.0,33.0,0.89,-90.0,78.0,0
2025-01-27 18:05:50,4.664,15.0,23.0,1.61,-88.0,82.0,1
2025-01-27 18:05:51,2.368,33.0,10.0,1.38,-67.0,58.0,1
2025-01-27 18:05:52,3.472,38.0,10.0,1.39,-68.0,76.0,0
2025-01-27 18:05:53,4.488,17.0,26.0,1.76,-76.0,55.0,0
2025-01-27 18:05:54,5.008,10.0,22.0,0.94,-84.0,88.0,0
2025-01-27 18:05:55,1.76,32.0,12.0,0.61,-80.0,51.0,1
2025-01-27 18:05:56,6.632,43.0,34.0,2.24,-66.0,88.0,1
2025-01-27 18:05:57,6.848,39.0,48.0,1.54,-90.0,68.0,1
2025-01-27 18:05:58,5.816,20.0,17.0,0.16,-63.0,73.0,1
2025-01-27 18:05:59,1.536,47.0,41.0,1.83,-63.0,85.0,0
2025-01-27 18:06:00,3.624,28.0,44.0,2.22,-66.0,81.0,1
2025-01-27 18:06:01,3.688,40.0,40.0,0.45,-87.0,76.0,0
2025-01-27 18:06:02,4.272,12.0,46.0,0.51,-67.0,54.0,1
2025-01-27 18:06:03,6.032,11.0,48.0,2.99,-62.0,53.0,1
2025-01-27 18:06:04,2.944,35.0,11.0,2.17,-87.0,52.0,1
2025-01-27 18:06:05,1.208,41.0,30.0,1.9,-82.0,70.0,1
2025-01-27 18:06:06,3.696,30.0,42.0,0.32,-76.0,73.0,0
2025-01-27 18:06:07,5.336,45.0,29.0,1.91,-66.0,75.0,0
2025-01-27 18:06:08,5.976,11.0,27.0,2.4,-89.0,57.0,1
2025-01-27 18:06:09,6.744,39.0,22.0,2.06,-71.0,82.0,1
2025-01-27 18:06:10,5.8,23.0,17.0,2.51,-64.0,82.0,0
2025-01-27 18:06:11,2.144,41.0,46.0,0.75,-67.0,86.0,1
2025-01-27 18:06:12,7.152,29.0,18.0,0.8,-62.0,66.0,1
2025-01-27 18:06:13,5.504,33.0,28.0,1.09,-79.0,73.0,0
2025-01-27 18:06:14,4.272,48.0,45.0,0.19,-79.0,86.0,1
2025-01-27 18:06:15,2.448,23.0,41.0,0.29,-73.0,67.0,0
2025-01-27 18:06:16,7.312,46.0,20.0,2.92,-83.0,81.0,1
2025-01-27 18:06:17,2.592,45.0,40.0,1.85,-62.0,60.0,0
2025-01-27 18:06:18,1.552,23.0,27.0,1.36,-84.0,66.0,0
2025-01-27 18:06:19,5.024,21.0,14.0,1.52,-65.0,60.0,1
2025-01-27 18:06:20,3.056,24.0,45.0,1.13,-69.0,84.0,0
2025-01-27 18:06:21,4.72,42.0,15.0,0.32,-77.0,61.0,0
2025-01-27 18:06:22,4.896,13.0,34.0,2.78,-70.0,67.0,1
2025-01-27 18:06:23,3.168,11.0,46.0,0.3,-72.0,80.0,1
2025-01-27 18:06:24,3.056,20.0,36.0,1.29,-75.0,50.0,1
2025-01-27 18:06:25,1.312,29.0,42.0,1.7,-64.0,55.0,0
2025-01-27 18:06:26,4.416,22.0,39.0,1.85,-89.0,89.0,1
2025-01-27 18:06:27,1.8,46.0,29.0,0.65,-63.0,73.0,0
2025-01-27 18:06:28,7.576,15.0,44.0,1.77,-78.0,78.0,0
2025-01-27 18:06:29,3.184,17.0,26.0,0.63,-63.0,65.0,1
2025-01-27 18:06:30,2.144,48.0,32.0,0.61,-70.0,74.0,1
2025-01-27 18:06:31,1.432,23.0,49.0,0.76,-76.0,72.0,0
2025-01-27 18:06:32,4.088,35.0,17.0,0.51,-80.0,77.0,1
2025-01-27 18:06:33,1.136,41.0,19.0,1.66,-86.0,57.0,0
2025-01-27 18:06:34,6.136,39.0,29.0,1.01,-77.0,79.0,1
2025-01-27 18:06:35,3.584,13.0,17.0,1.01,-82.0,62.0,0
2025-01-27 18:06:36,1.008,48.0,23.0,1.86,-66.0,87.0,0
2025-01-27 18:06:37,2.664,40.0,42.0,1.18,-71.0,86.0,1
2025-01-27 18:06:38,5.704,39.0,12.0,1.7,-70.0,87.0,1
2025-01-27 18:06:39,6.528,43.0,18.0,2.9,-61.0,62.0,1
2025-01-27 18:06:40,3.64,15.0,27.0,0.8,-66.0,68.0,0
2025-01-27 18:06:41,0.928,37.0,49.0,1.39,-87.0,72.0,0
2025-01-27 18:06:42,3.0,23.0,17.0,0.53,-61.0,64.0,1
2025-01-27 18:06:43,5.376,41.0,24.0,1.94,-66.0,89.0,0
2025-01-27 18:06:44,2.816,28.0,27.0,0.69,-63.0,81.0,1
2025-01-27 18:06:45,5.808,33.0,42.0,0.11,-62.0,55.0,1
2025-01-27 18:06:46,5.4,22.0,24.0,2.73,-86.0,81.0,0
2025-01-27 18:06:47,6.656,40.0,13.0,2.29,-71.0,89.0,0
2025-01-27 18:06:48,0.952,38.0,42.0,0.93,-72.0,56.0,1
2025-01-27 18:06:49,4.976,11.0,19.0,1.07,-88.0,60.0,1
2025-01-27 18:06:50,6.216,46.0,20.0,1.74,-83.0,81.0,0
2025-01-27 18:06:51,2.512,44.0,35.0,1.28,-72.0,67.0,1
2025-01-27 18:06:52,3.928,14.0,10.0,0.1,-65.0,80.0,0
2025-01-27 18:06:53,7.824,17.0,20.0,1.34,-62.0,52.0,1
2025-01-27 18:06:54,6.448,18.0,20.0,2.74,-74.0,52.0,0
2025-01-27 18:06:55,3.248,18.0,47.0,1.95,-80.0,50.0,0
2025-01-27 18:06:56,6.984,35.0,11.0,0.4,-80.0,68.0,0
2025-01-27 18:06:57,3.912,27.0,28.0,1.71,-80.0,63.0,1
2025-01-27 18:06:58,7.0,17.0,26.0,2.45,-81.0,65.0,1
2025-01-27 18:06:59,5.096,13.0,16.0,0.43,-72.0,58.0,0
2025-01-27 18:07:00,3.064,49.0,31.0,0.17,-84.0,72.0,1
2025-01-27 18:07:01,3.232,35.0,32.0,0.13,-87.0,89.0,0
2025-01-27 18:07:02,2.984,44.0,42.0,2.48,-76.0,51.0,1
2025-01-27 18:07:03,1.976,24.0,31.0,1.72,-85.0,51.0,1
2025-01-27 18:07:04,2.064,34.0,41.0,0.21,-76.0,85.0,0
2025-01-27 18:07:05,2.736,45.0,33.0,0.31,-65.0,62.0,1
2025-01-27 18:07:06,1.048,16.0,24.0,2.07,-65.0,68.0,1
2025-01-27 18:07:07,4.24,47.0,45.0,0.35,-79.0,74.0,0
2025-01-27 18:07:08,4.512,39.0,17.0,2.77,-67.0,79.0,0
2025-01-27 18:07:09,2.512,46.0,14.0,2.53,-70.0,77.0,1
2025-01-27 18:07:10,7.472,44.0,17.0,0.53,-90.0,86.0,1
2025-01-27 18:07:11,3.408,40.0,25.0,1.6,-86.0,62.0,1
2025-01-27 18:07:12,4.04,33.0,41.0,2.39,-75.0,73.0,1
2025-01-27 18:07:13,2.384,25.0,12.0,2.31,-88.0,52.0,1
2025-01-27 18:07:14,1.264,27.0,35.0,2.64,-86.0,87.0,0
2025-01-27 18:07:15,1.552,13.0,39.0,1.19,-75.0,86.0,0
2025-01-27 18:07:16,1.128,26.0,37.0,2.84,-79.0,64.0,0
2025-01-27 18:07:17,2.808,20.0,37.0,0.31,-82.0,55.0,0
2025-01-27 18:07:18,7.848,24.0,39.0,0.73,-73.0,50.0,1
2025-01-27 18:07:19,7.048,40.0,22.0,0.52,-87.0,84.0,1
2025-01-27 18:07:20,1.792,20.0,48.0,2.88,-76.0,62.0,0
2025-01-27 18:07:21,4.432,20.0,49.0,2.34,-75.0,89.0,0
2025-01-27 18:07:22,5.712,28.0,37.0,2.55,-77.0,66.0,1
2025-01-27 18:07:23,1.92,11.0,49.0,2.46,-73.0,74.0,1
2025-01-27 18:07:24,4.496,39.0,32.0,1.08,-69.0,60.0,1
2025-01-27 18:07:25,1.24,10.0,29.0,2.16,-71.0,83.0,1
2025-01-27 18:07:26,3.2,23.0,28.0,2.1,-78.0,88.0,0
2025-01-27 18:07:27,1.128,13.0,28.0,0.21,-62.0,50.0,1
2025-01-27 18:07:28,4.696,39.0,45.0,2.32,-64.0,57.0,0
2025-01-27 18:07:29,5.792,15.0,19.0,0.66,-69.0,64.0,0
2025-01-27 18:07:30,1.344,34.0,30.0,0.9,-81.0,62.0,1
2025-01-27 18:07:31,1.592,13.0,35.0,2.57,-63.0,72.0,1
2025-01-27 18:07:32,4.68,24.0,45.0,2.71,-89.0,70.0,1
2025-01-27 18:07:33,7.464,27.0,17.0,0.54,-73.0,60.0,1
2025-01-27 18:07:34,4.0,15.0,22.0,1.29,-71.0,88.0,0
2025-01-27 18:07:35,5.616,26.0,33.0,1.46,-79.0,56.0,0
2025-01-27 18:07:36,2.12,19.0,43.0,1.58,-88.0,59.0,1
2025-01-27 18:07:37,6.808,10.0,15.0,2.63,-81.0,72.0,1
2025-01-27 18:07:38,5.528,41.0,39.0,1.04,-61.0,82.0,0
2025-01-27 18:07:39,4.024,48.0,35.0,0.74,-67.0,76.0,1
2025-01-27 18:07:40,5.752,21.0,46.0,1.62,-87.0,81.0,1
2025-01-27 18:07:41,3.184,16.0,29.0,0.79,-76.0,77.0,0
2025-01-27 18:07:42,1.728,30.0,30.0,0.12,-77.0,54.0,1
2025-01-27 18:07:43,4.024,47.0,13.0,2.5,-83.0,50.0,1
2025-01-27 18:07:44,1.624,43.0,27.0,1.72,-77.0,82.0,1
2025-01-27 18:07:45,6.968,26.0,14.0,1.12,-71.0,64.0,1
2025-01-27 18:07:46,7.8,37.0,46.0,2.3,-71.0,80.0,1
2025-01-27 18:07:47,4.016,42.0,37.0,1.29,-68.0,85.0,1
2025-01-27 18:07:48,5.832,36.0,17.0,0.84,-81.0,51.0,1
2025-01-27 18:07:49,3.784,38.0,19.0,2.44,-75.0,85.0,1
2025-01-27 18:07:50,4.704,43.0,37.0,0.72,-75.0,89.0,1
2025-01-27 18:07:51,5.28,33.0,21.0,2.22,-64.0,61.0,1
2025-01-27 18:07:52,7.024,49.0,13.0,2.36,-69.0,71.0,1
2025-01-27 18:07:53,1.056,31.0,18.0,1.37,-69.0,67.0,0
2025-01-27 18:07:54,1.176,16.0,19.0,2.97,-61.0,77.0,0
2025-01-27 18:07:55,6.824,15.0,22.0,2.1,-77.0,62.0,0
2025-01-27 18:07:56,5.488,28.0,46.0,1.02,-74.0,79.0,1
2025-01-27 18:07:57,7.064,33.0,38.0,2.44,-79.0,89.0,1
2025-01-27 18:07:58,6.816,35.0,30.0,1.35,-72.0,85.0,1
2025-01-27 18:07:59,2.2,28.0,10.0,2.99,-67.0,75.0,0
2025-01-27 18:08:00,6.304,20.0,23.0,0.74,-79.0,54.0,1
2025-01-27 18:08:01,7.048,24.0,29.0,1.77,-79.0,81.0,0
2025-01-27 18:08:02,4.664,19.0,25.0,1.11,-83.0,66.0,0
2025-01-27 18:08:03,3.496,33.0,25.0,2.66,-73.0,88.0,1
2025-01-27 18:08:04,4.552,20.0,40.0,2.84,-80.0,65.0,1
2025-01-27 18:08:05,7.632,38.0,17.0,1.6,-67.0,52.0,0
2025-01-27 18:08:06,5.552,43.0,16.0,2.02,-86.0,62.0,1
2025-01-27 18:08:07,5.272,47.0,10.0,2.02,-70.0,75.0,1
2025-01-27 18:08:08,7.344,33.0,43.0,2.73,-68.0,63.0,0
2025-01-27 18:08:09,3.328,31.0,31.0,1.93,-87.0,76.0,1
2025-01-27 18:08:10,7.368,36.0,45.0,0.14,-68.0,64.0,0
2025-01-27 18:08:11,0.968,22.0,36.0,0.26,-64.0,85.0,1
2025-01-27 18:08:12,3.376,27.0,32.0,2.11,-73.0,63.0,0
2025-01-27 18:08:13,7.664,21.0,41.0,0.95,-71.0,73.0,1
2025-01-27 18:08:14,6.624,44.0,17.0,1.42,-80.0,70.0,1
2025-01-27 18:08:15,1.832,31.0,38.0,2.2,-78.0,56.0,1
2025-01-27 18:08:16,2.616,17.0,15.0,0.78,-61.0,57.0,0
2025-01-27 18:08:17,6.584,21.0,15.0,0.2,-69.0,82.0,0
2025-01-27 18:08:18,4.112,34.0,49.0,0.17,-73.0,52.0,0
2025-01-27 18:08:19,2.456,25.0,41.0,1.65,-70.0,56.0,1
2025-01-27 18:08:20,6.416,37.0,37.0,1.77,-78.0,54.0,1
2025-01-27 18:08:21,7.136,46.0,15.0,0.68,-65.0,84.0,0
2025-01-27 18:08:22,6.888,39.0,28.0,0.11,-73.0,68.0,0
2025-01-27 18:08:23,7.48,23.0,20.0,2.86,-71.0,83.0,1
2025-01-27 18:08:24,5.808,39.0,20.0,2.0,-77.0,70.0,1
2025-01-27 18:08:25,5.536,27.0,13.0,0.91,-72.0,52.0,0
2025-01-27 18:08:26,4.336,47.0,41.0,2.04,-82.0,68.0,1
2025-01-27 18:08:27,6.68,37.0,37.0,1.43,-67.0,79.0,0
2025-01-27 18:08:28,4.096,49.0,12.0,0.36,-81.0,54.0,1
2025-01-27 18:08:29,5.416,36.0,35.0,0.23,-62.0,89.0,1
2025-01-27 18:08:30,7.048,25.0,39.0,2.6,-80.0,83.0,1
2025-01-27 18:08:31,5.4,30.0,28.0,0.98,-79.0,60.0,1
2025-01-27 18:08:32,5.248,23.0,38.0,2.06,-63.0,51.0,0
2025-01-27 18:08:33,6.008,10.0,26.0,0.43,-90.0,52.0,0
2025-01-27 18:08:34,3.296,11.0,35.0,1.37,-69.0,62.0,1
2025-01-27 18:08:35,7.096,42.0,38.0,1.06,-90.0,60.0,0
2025-01-27 18:08:36,3.096,32.0,26.0,2.88,-78.0,81.0,0
2025-01-27 18:08:37,7.032,27.0,33.0,2.81,-84.0,54.0,0
2025-01-27 18:08:38,6.952,42.0,22.0,0.68,-78.0,55.0,0
2025-01-27 18:08:39,2.96,32.0,40.0,0.72,-61.0,65.0,1
2025-01-27 18:08:40,5.0,41.0,22.0,0.91,-76.0,59.0,0
2025-01-27 18:08:41,5.848,24.0,36.0,0.52,-90.0,88.0,0
2025-01-27 18:08:42,3.536,36.0,45.0,2.37,-70.0,51.0,0
2025-01-27 18:08:43,4.456,32.0,23.0,2.16,-81.0,63.0,0
2025-01-27 18:08:44,7.96,46.0,37.0,1.89,-65.0,69.0,1
2025-01-27 18:08:45,1.784,28.0,45.0,0.45,-77.0,59.0,0
2025-01-27 18:08:46,1.928,35.0,41.0,2.54,-72.0,62.0,1
2025-01-27 18:08:47,7.528,17.0,16.0,2.36,-68.0,80.0,0
2025-01-27 18:08:48,7.008,18.0,20.0,0.31,-77.0,67.0,1
2025-01-27 18:08:49,3.424,45.0,43.0,0.8,-81.0,70.0,1
2025-01-27 18:08:50,4.344,31.0,39.0,2.77,-61.0,84.0,0
2025-01-27 18:08:51,2.904,34.0,30.0,1.91,-77.0,50.0,1
2025-01-27 18:08:52,7.504,29.0,44.0,2.63,-68.0,63.0,1
2025-01-27 18:08:53,4.856,17.0,39.0,2.48,-75.0,64.0,1
2025-01-27 18:08:54,2.288,16.0,17.0,2.57,-68.0,86.0,0
2025-01-27 18:08:55,6.096,13.0,43.0,2.02,-89.0,70.0,0
2025-01-27 18:08:56,7.0,45.0,35.0,0.13,-69.0,68.0,0
2025-01-27 18:08:57,2.576,33.0,44.0,2.72,-71.0,75.0,1
2025-01-27 18:08:58,1.024,25.0,31.0,2.38,-82.0,56.0,0
2025-01-27 18:08:59,1.456,22.0,29.0,0.65,-89.0,54.0,0
2025-01-27 18:09:00,6.912,13.0,25.0,0.96,-84.0,56.0,1
2025-01-27 18:09:01,2.776,16.0,37.0,1.99,-82.0,84.0,0
2025-01-27 18:09:02,4.096,26.0,40.0,1.23,-89.0,80.0,0
2025-01-27 18:09:03,5.872,34.0,13.0,0.44,-75.0,87.0,0
2025-01-27 18:09:04,6.752,27.0,18.0,2.67,-76.0,64.0,0
2025-01-27 18:09:05,6.624,44.0,32.0,1.39,-70.0,72.0,0
2025-01-27 18:09:06,2.848,35.0,13.0,0.57,-73.0,87.0,0
2025-01-27 18:09:07,5.552,47.0,44.0,1.15,-85.0,74.0,1
2025-01-27 18:09:08,4.032,10.0,28.0,2.52,-88.0,87.0,1
2025-01-27 18:09:09,7.36,34.0,24.0,2.22,-90.0,76.0,1
2025-01-27 18:09:10,3.416,39.0,38.0,1.47,-76.0,53.0,1
2025-01-27 18:09:11,5.216,43.0,13.0,0.66,-77.0,62.0,0
2025-01-27 18:09:12,6.632,18.0,37.0,1.84,-68.0,67.0,1
2025-01-27 18:09:13,3.64,30.0,48.0,2.98,-80.0,88.0,0
2025-01-27 18:09:14,5.112,10.0,40.0,2.22,-83.0,80.0,0
2025-01-27 18:09:15,3.664,28.0,27.0,2.3,-83.0,67.0,0
2025-01-27 18:09:16,3.032,41.0,37.0,1.47,-87.0,64.0,1
2025-01-27 18:09:17,4.192,30.0,33.0,0.14,-67.0,63.0,0
2025-01-27 18:09:18,7.488,18.0,26.0,1.88,-64.0,67.0,0
2025-01-27 18:09:19,7.296,41.0,20.0,0.54,-78.0,64.0,1
2025-01-27 18:09:20,6.856,22.0,14.0,0.42,-77.0,50.0,0
2025-01-27 18:09:21,3.456,25.0,17.0,0.68,-68.0,85.0,1
2025-01-27 18:09:22,6.24,16.0,37.0,1.94,-86.0,76.0,0
2025-01-27 18:09:23,1.856,13.0,18.0,0.19,-68.0,73.0,1
2025-01-27 18:09:24,7.064,12.0,19.0,2.31,-67.0,76.0,1
2025-01-27 18:09:25,4.112,36.0,28.0,0.59,-86.0,79.0,0
2025-01-27 18:09:26,4.704,10.0,13.0,2.94,-83.0,61.0,1
2025-01-27 18:09:27,3.504,13.0,22.0,2.86,-68.0,79.0,0
2025-01-27 18:09:28,1.984,27.0,28.0,2.32,-82.0,74.0,1
2025-01-27 18:09:29,3.632,13.0,35.0,1.41,-65.0,65.0,0
2025-01-27 18:09:30,1.032,42.0,23.0,1.16,-68.0,87.0,1
2025-01-27 18:09:31,2.44,47.0,37.0,2.88,-79.0,73.0,0
2025-01-27 18:09:32,6.488,10.0,48.0,1.59,-72.0,86.0,0
2025-01-27 18:09:33,1.832,39.0,37.0,0.98,-68.0,87.0,0
2025-01-27 18:09:34,2.12,29.0,30.0,2.92,-61.0,58.0,1
2025-01-27 18:09:35,4.568,43.0,13.0,1.47,-79.0,76.0,1
2025-01-27 18:09:36,2.24,46.0,42.0,0.89,-77.0,62.0,1
2025-01-27 18:09:37,4.528,34.0,17.0,1.44,-83.0,62.0,0
2025-01-27 18:09:38,7.192,15.0,14.0,2.11,-65.0,58.0,0
2025-01-27 18:09:39,1.984,39.0,41.0,2.04,-69.0,50.0,1
2025-01-27 18:09:40,1.728,36.0,34.0,1.56,-71.0,83.0,1
2025-01-27 18:09:41,1.04,18.0,24.0,2.08,-68.0,52.0,0
2025-01-27 18:09:42,7.96,25.0,46.0,0.14,-81.0,65.0,1
2025-01-27 18:09:43,3.16,39.0,48.0,2.28,-78.0,60.0,1
2025-01-27 18:09:44,1.856,39.0,28.0,1.48,-81.0,83.0,0
2025-01-27 18:09:45,1.632,48.0,23.0,1.67,-78.0,77.0,0
2025-01-27 18:09:46,2.256,32.0,32.0,1.2,-61.0,54.0,0
2025-01-27 18:09:47,1.848,42.0,31.0,2.02,-62.0,50.0,0
2025-01-27 18:09:48,3.696,25.0,44.0,0.9,-73.0,60.0,0
2025-01-27 18:09:49,5.416,28.0,10.0,0.75,-62.0,85.0,1
2025-01-27 18:09:50,3.832,25.0,43.0,1.71,-83.0,72.0,1
2025-01-27 18:09:51,1.024,35.0,12.0,0.13,-83.0,71.0,1
2025-01-27 18:09:52,3.28,16.0,41.0,1.55,-64.0,81.0,0
2025-01-27 18:09:53,5.272,44.0,23.0,2.53,-77.0,77.0,0
2025-01-27 18:09:54,2.544,11.0,34.0,2.13,-90.0,54.0,0
2025-01-27 18:09:55,0.872,41.0,25.0,1.6,-77.0,88.0,1
2025-01-27 18:09:56,7.976,23.0,34.0,2.66,-80.0,86.0,1
2025-01-27 18:09:57,7.944,43.0,40.0,2.3,-83.0,89.0,1
2025-01-27 18:09:58,4.048,24.0,34.0,1.54,-72.0,75.0,0
2025-01-27 18:09:59,7.424,26.0,40.0,2.5,-67.0,71.0,0
2025-01-27 18:10:00,4.864,30.0,28.0,0.95,-64.0,56.0,0
2025-01-27 18:10:01,5.368,14.0,40.0,2.82,-84.0,72.0,0
2025-01-27 18:10:02,4.888,24.0,35.0,1.07,-73.0,65.0,1
2025-01-27 18:10:03,1.504,28.0,42.0,2.85,-62.0,69.0,1
2025-01-27 18:10:04,1.28,16.0,15.0,2.29,-64.0,83.0,1
2025-01-27 18:10:05,2.616,14.0,49.0,0.79,-88.0,75.0,0
2025-01-27 18:10:06,2.776,30.0,37.0,2.66,-67.0,75.0,1
2025-01-27 18:10:07,0.896,22.0,21.0,1.01,-73.0,67.0,1
2025-01-27 18:10:08,1.0,18.0,36.0,0.95,-63.0,68.0,0
2025-01-27 18:10:09,4.136,23.0,40.0,2.55,-66.0,74.0,0
2025-01-27 18:10:10,2.04,10.0,47.0,0.58,-90.0,66.0,1
2025-01-27 18:10:11,3.24,42.0,44.0,0.26,-76.0,87.0,0
2025-01-27 18:10:12,1.792,13.0,41.0,2.35,-81.0,87.0,1
2025-01-27 18:10:13,4.848,20.0,17.0,0.11,-82.0,60.0,1
2025-01-27 18:10:14,1.184,15.0,49.0,0.39,-82.0,78.0,0
2025-01-27 18:10:15,7.152,43.0,21.0,2.86,-78.0,68.0,1
2025-01-27 18:10:16,7.464,14.0,27.0,1.49,-62.0,70.0,1
2025-01-27 18:10:17,7.888,33.0,20.0,1.66,-67.0,84.0,1
2025-01-27 18:10:18,3.024,25.0,35.0,1.99,-76.0,73.0,0
2025-01-27 18:10:19,5.936,31.0,20.0,1.21,-67.0,83.0,1
2025-01-27 18:10:20,5.144,39.0,11.0,2.85,-68.0,68.0,0
2025-01-27 18:10:21,1.104,40.0,34.0,0.83,-84.0,55.0,0
2025-01-27 18:10:22,5.04,10.0,37.0,1.54,-64.0,79.0,1
2025-01-27 18:10:23,2.424,29.0,10.0,1.09,-72.0,63.0,0
2025-01-27 18:10:24,2.192,29.0,40.0,0.29,-87.0,68.0,0
2025-01-27 18:10:25,1.952,32.0,27.0,2.2,-72.0,70.0,1
2025-01-27 18:10:26,4.08,36.0,43.0,0.71,-89.0,80.0,1
2025-01-27 18:10:27,1.4,45.0,46.0,0.58,-66.0,53.0,0
2025-01-27 18:10:28,7.88,17.0,39.0,2.73,-65.0,55.0,0
2025-01-27 18:10:29,5.36,16.0,16.0,2.9,-81.0,50.0,1
2025-01-27 18:10:30,5.88,19.0,22.0,2.72,-90.0,61.0,0
2025-01-27 18:10:31,5.44,45.0,42.0,0.81,-88.0,59.0,1
2025-01-27 18:10:32,2.912,15.0,13.0,0.34,-89.0,75.0,0
2025-01-27 18:10:33,6.056,32.0,25.0,2.41,-76.0,63.0,0
2025-01-27 18:10:34,4.76,16.0,45.0,1.84,-88.0,53.0,0
2025-01-27 18:10:35,5.088,16.0,13.0,1.62,-76.0,86.0,0
2025-01-27 18:10:36,5.392,48.0,36.0,2.27,-80.0,68.0,0
2025-01-27 18:10:37,6.992,26.0,29.0,1.73,-90.0,73.0,1
2025-01-27 18:10:38,4.048,37.0,37.0,1.36,-78.0,58.0,0
2025-01-27 18:10:39,3.824,16.0,42.0,1.58,-84.0,67.0,1
2025-01-27 18:10:40,3.72,23.0,41.0,0.73,-72.0,79.0,1
2025-01-27 18:10:41,3.184,14.0,34.0,2.68,-89.0,59.0,0
2025-01-27 18:10:42,7.584,45.0,30.0,2.82,-66.0,50.0,0
2025-01-27 18:10:43,2.808,16.0,34.0,2.2,-69.0,81.0,0
2025-01-27 18:10:44,2.304,26.0,47.0,0.94,-88.0,58.0,0
2025-01-27 18:10:45,7.64,32.0,10.0,2.45,-66.0,82.0,0
2025-01-27 18:10:46,6.408,49.0,36.0,1.2,-83.0,66.0,1
2025-01-27 18:10:47,1.48,24.0,38.0,2.22,-81.0,73.0,0
2025-01-27 18:10:48,7.688,16.0,45.0,1.78,-73.0,50.0,1
2025-01-27 18:10:49,4.504,15.0,33.0,1.65,-65.0,60.0,0
2025-01-27 18:10:50,1.888,18.0,11.0,0.28,-68.0,78.0,0
2025-01-27 18:10:51,3.352,28.0,48.0,1.03,-62.0,61.0,0
2025-01-27 18:10:52,7.984,16.0,43.0,1.6,-89.0,51.0,1
2025-01-27 18:10:53,5.408,39.0,42.0,1.13,-70.0,74.0,0
2025-01-27 18:10:54,1.992,11.0,29.0,0.71,-66.0,50.0,1
2025-01-27 18:10:55,7.176,15.0,35.0,1.49,-72.0,52.0,0
2025-01-27 18:10:56,4.6,34.0,13.0,2.12,-69.0,75.0,0
2025-01-27 18:10:57,3.704,21.0,29.0,2.61,-72.0,59.0,0
2025-01-27 18:10:58,7.864,28.0,16.0,0.23,-83.0,83.0,0
2025-01-27 18:10:59,3.136,27.0,31.0,1.45,-84.0,66.0,0
2025-01-27 18:11:00,6.184,37.0,43.0,2.7,-88.0,51.0,1
2025-01-27 18:11:01,4.464,31.0,39.0,2.74,-71.0,67.0,0
2025-01-27 18:11:02,2.088,26.0,38.0,0.55,-83.0,65.0,1
2025-01-27 18:11:03,2.864,16.0,34.0,2.25,-77.0,61.0,1
2025-01-27 18:11:04,7.68,23.0,35.0,2.2,-83.0,85.0,1
2025-01-27 18:11:05,5.112,25.0,43.0,0.15,-83.0,86.0,1
2025-01-27 18:11:06,6.664,45.0,36.0,2.9,-86.0,60.0,1
2025-01-27 18:11:07,4.336,18.0,23.0,2.39,-63.0,60.0,1
2025-01-27 18:11:08,5.768,13.0,30.0,2.4,-86.0,63.0,1
2025-01-27 18:11:09,3.232,32.0,46.0,0.84,-76.0,66.0,0
2025-01-27 18:11:10,2.216,29.0,33.0,2.73,-76.0,88.0,1
2025-01-27 18:11:11,3.568,45.0,34.0,0.89,-72.0,83.0,1
2025-01-27 18:11:12,7.48,48.0,37.0,1.05,-70.0,89.0,1
2025-01-27 18:11:13,2.728,12.0,24.0,2.34,-64.0,56.0,0
2025-01-27 18:11:14,4.984,36.0,16.0,2.84,-63.0,53.0,1
2025-01-27 18:11:15,1.72,22.0,42.0,2.0,-62.0,63.0,1
2025-01-27 18:11:16,6.968,20.0,23.0,1.99,-72.0,53.0,1
2025-01-27 18:11:17,1.064,38.0,34.0,0.12,-81.0,85.0,0
2025-01-27 18:11:18,1.952,19.0,44.0,0.65,-61.0,74.0,1
2025-01-27 18:11:19,2.816,21.0,24.0,2.74,-79.0,88.0,1
2025-01-27 18:11:20,1.592,49.0,26.0,2.18,-70.0,52.0,0
2025-01-27 18:11:21,5.616,18.0,14.0,1.79,-69.0,52.0,0
2025-01-27 18:11:22,7.448,11.0,46.0,0.13,-88.0,83.0,1
2025-01-27 18:11:23,6.488,28.0,36.0,0.63,-62.0,76.0,1
2025-01-27 18:11:24,2.656,12.0,31.0,2.23,-90.0,53.0,1
2025-01-27 18:11:25,1.984,20.0,44.0,2.84,-80.0,54.0,0
2025-01-27 18:11:26,4.456,38.0,10.0,0.65,-64.0,85.0,1
2025-01-27 18:11:27,5.072,11.0,28.0,2.35,-85.0,51.0,0
2025-01-27 18:11:28,6.032,33.0,20.0,0.16,-72.0,59.0,0
2025-01-27 18:11:29,3.696,24.0,39.0,0.18,-76.0,50.0,0
2025-01-27 18:11:30,2.632,40.0,49.0,0.49,-72.0,68.0,1
2025-01-27 18:11:31,4.96,41.0,48.0,2.56,-83.0,80.0,0
2025-01-27 18:11:32,7.776,15.0,47.0,0.77,-72.0,52.0,0
2025-01-27 18:11:33,5.616,18.0,20.0,0.45,-74.0,72.0,1
2025-01-27 18:11:34,6.168,16.0,11.0,0.65,-75.0,71.0,1
2025-01-27 18:11:35,0.952,14.0,16.0,1.98,-80.0,65.0,0
2025-01-27 18:11:36,2.624,17.0,35.0,0.38,-64.0,50.0,0
2025-01-27 18:11:37,6.136,34.0,14.0,1.97,-80.0,88.0,1
2025-01-27 18:11:38,3.496,15.0,16.0,0.85,-85.0,73.0,0
2025-01-27 18:11:39,1.504,34.0,35.0,2.8,-71.0,53.0,0
2025-01-27 18:11:40,6.744,49.0,18.0,1.96,-82.0,88.0,0
2025-01-27 18:11:41,7.824,48.0,24.0,0.81,-84.0,89.0,0
2025-01-27 18:11:42,3.08,43.0,36.0,1.27,-83.0,59.0,1
2025-01-27 18:11:43,2.128,41.0,29.0,2.46,-73.0,78.0,1
2025-01-27 18:11:44,7.904,17.0,11.0,2.89,-86.0,64.0,1
2025-01-27 18:11:45,2.2,15.0,49.0,2.87,-73.0,86.0,0
2025-01-27 18:11:46,3.816,25.0,44.0,1.44,-70.0,80.0,1
2025-01-27 18:11:47,4.696,17.0,32.0,2.1,-78.0,87.0,1
2025-01-27 18:11:48,4.136,25.0,14.0,0.31,-70.0,58.0,1
2025-01-27 18:11:49,3.52,32.0,12.0,1.0,-67.0,70.0,0
2025-01-27 18:11:50,4.568,24.0,48.0,2.24,-90.0,77.0,0
2025-01-27 18:11:51,1.544,47.0,10.0,0.79,-86.0,61.0,0
2025-01-27 18:11:52,3.152,18.0,18.0,2.72,-71.0,65.0,0
2025-01-27 18:11:53,2.544,30.0,47.0,0.18,-83.0,69.0,0
2025-01-27 18:11:54,6.792,14.0,32.0,0.24,-82.0,74.0,1
2025-01-27 18:11:55,1.512,13.0,12.0,0.14,-83.0,53.0,0
2025-01-27 18:11:56,7.12,25.0,20.0,0.25,-74.0,72.0,0
2025-01-27 18:11:57,2.808,12.0,15.0,1.28,-77.0,54.0,0
2025-01-27 18:11:58,1.88,30.0,48.0,0.81,-62.0,59.0,0
2025-01-27 18:11:59,2.528,30.0,37.0,2.45,-81.0,72.0,0
2025-01-27 18:12:00,0.864,44.0,48.0,1.85,-69.0,52.0,1
2025-01-27 18:12:01,6.368,42.0,25.0,0.11,-76.0,54.0,1
2025-01-27 18:12:02,2.456,43.0,33.0,0.79,-64.0,50.0,1
2025-01-27 18:12:03,2.984,38.0,48.0,1.48,-66.0,55.0,0
2025-01-27 18:12:04,3.528,13.0,25.0,0.36,-68.0,80.0,1
2025-01-27 18:12:05,7.192,10.0,34.0,0.99,-66.0,84.0,1
2025-01-27 18:12:06,7.008,33.0,44.0,0.33,-74.0,52.0,0
2025-01-27 18:12:07,7.76,23.0,26.0,0.57,-69.0,89.0,0
2025-01-27 18:12:08,4.752,44.0,26.0,1.9,-74.0,54.0,1
2025-01-27 18:12:09,5.76,21.0,30.0,0.43,-61.0,81.0,0
2025-01-27 18:12:10,5.6,33.0,17.0,0.29,-67.0,84.0,1
2025-01-27 18:12:11,3.864,39.0,37.0,0.98,-74.0,68.0,1
2025-01-27 18:12:12,2.816,47.0,33.0,0.56,-65.0,67.0,1
2025-01-27 18:12:13,6.248,16.0,25.0,0.44,-70.0,80.0,1
2025-01-27 18:12:14,7.264,28.0,44.0,1.24,-66.0,51.0,0
2025-01-27 18:12:15,5.184,16.0,46.0,2.56,-67.0,60.0,1
2025-01-27 18:12:16,2.992,16.0,41.0,2.79,-84.0,65.0,0
2025-01-27 18:12:17,6.296,22.0,23.0,2.19,-78.0,56.0,1
2025-01-27 18:12:18,5.624,39.0,37.0,0.97,-84.0,70.0,0
2025-01-27 18:12:19,2.704,12.0,30.0,2.11,-85.0,55.0,1
2025-01-27 18:12:20,6.36,30.0,29.0,2.78,-90.0,58.0,1
2025-01-27 18:12:21,5.8,17.0,17.0,0.18,-86.0,74.0,1
2025-01-27 18:12:22,2.896,23.0,43.0,2.66,-73.0,55.0,1
2025-01-27 18:12:23,5.8,16.0,44.0,2.45,-86.0,56.0,1
2025-01-27 18:12:24,6.632,34.0,36.0,0.85,-67.0,76.0,0
2025-01-27 18:12:25,6.384,20.0,38.0,0.21,-81.0,60.0,0
2025-01-27 18:12:26,7.24,29.0,26.0,1.12,-66.0,65.0,0
2025-01-27 18:12:27,6.568,32.0,47.0,0.65,-65.0,72.0,1
2025-01-27 18:12:28,4.192,14.0,44.0,1.68,-83.0,56.0,1
2025-01-27 18:12:29,5.072,27.0,14.0,2.44,-72.0,82.0,1
2025-01-27 18:12:30,7.56,31.0,25.0,3.0,-88.0,55.0,1
2025-01-27 18:12:31,3.504,27.0,42.0,0.25,-77.0,62.0,1
2025-01-27 18:12:32,6.056,15.0,27.0,0.18,-68.0,80.0,0
2025-01-27 18:12:33,2.728,19.0,14.0,1.47,-85.0,82.0,1
2025-01-27 18:12:34,6.048,46.0,27.0,1.46,-79.0,65.0,1
2025-01-27 18:12:35,4.584,45.0,29.0,2.95,-77.0,59.0,0
2025-01-27 18:12:36,6.832,20.0,34.0,2.42,-89.0,69.0,1
2025-01-27 18:12:37,4.944,24.0,48.0,1.75,-89.0,82.0,1
2025-01-27 18:12:38,6.824,30.0,28.0,1.58,-62.0,89.0,1
2025-01-27 18:12:39,2.208,38.0,17.0,1.67,-62.0,71.0,1
2025-01-27 18:12:40,2.88,15.0,33.0,2.69,-77.0,69.0,0
2025-01-27 18:12:41,2.728,19.0,48.0,2.93,-68.0,71.0,0
2025-01-27 18:12:42,1.64,13.0,26.0,0.16,-88.0,73.0,0
2025-01-27 18:12:43,2.392,46.0,26.0,2.69,-66.0,59.0,1
2025-01-27 18:12:44,7.352,22.0,32.0,2.08,-62.0,68.0,1
2025-01-27 18:12:45,2.512,36.0,14.0,0.9,-61.0,55.0,0
2025-01-27 18:12:46,3.896,28.0,12.0,1.93,-85.0,80.0,1
2025-01-27 18:12:47,7.784,19.0,14.0,2.49,-90.0,81.0,0
2025-01-27 18:12:48,2.192,43.0,48.0,2.12,-64.0,52.0,1
2025-01-27 18:12:49,7.592,26.0,33.0,1.27,-64.0,84.0,0
2025-01-27 18:12:50,6.936,11.0,44.0,1.93,-73.0,79.0,0
2025-01-27 18:12:51,2.968,31.0,11.0,2.29,-66.0,64.0,0
2025-01-27 18:12:52,0.984,22.0,12.0,2.01,-90.0,80.0,0
2025-01-27 18:12:53,5.176,26.0,11.0,0.76,-80.0,75.0,0
2025-01-27 18:12:54,5.24,13.0,30.0,1.97,-83.0,50.0,0
2025-01-27 18:12:55,4.064,20.0,40.0,0.96,-66.0,67.0,1
2025-01-27 18:12:56,1.16,45.0,31.0,1.69,-73.0,89.0,1
2025-01-27 18:12:57,3.056,20.0,18.0,0.23,-69.0,85.0,0
2025-01-27 18:12:58,2.616,23.0,28.0,1.89,-72.0,80.0,1
2025-01-27 18:12:59,1.28,36.0,46.0,2.11,-88.0,53.0,1
2025-01-27 18:13:00,6.944,32.0,14.0,0.13,-72.0,51.0,1
2025-01-27 18:13:01,5.016,43.0,41.0,1.38,-78.0,89.0,1
2025-01-27 18:13:02,5.0,39.0,18.0,0.38,-64.0,52.0,0
2025-01-27 18:13:03,7.016,22.0,25.0,2.27,-62.0,56.0,0
2025-01-27 18:13:04,7.768,33.0,28.0,1.95,-76.0,52.0,0
2025-01-27 18:13:05,1.008,47.0,25.0,2.76,-86.0,80.0,0
2025-01-27 18:13:06,4.52,22.0,21.0,1.06,-83.0,64.0,0
2025-01-27 18:13:07,4.56,28.0,16.0,0.87,-68.0,66.0,1
2025-01-27 18:13:08,1.656,12.0,16.0,0.28,-88.0,89.0,1
2025-01-27 18:13:09,5.576,35.0,14.0,0.71,-69.0,70.0,1
2025-01-27 18:13:10,2.16,49.0,49.0,0.48,-71.0,55.0,1
2025-01-27 18:13:11,1.024,18.0,35.0,2.0,-80.0,75.0,0
2025-01-27 18:13:12,2.904,43.0,21.0,2.06,-82.0,62.0,1
2025-01-27 18:13:13,5.664,21.0,46.0,1.05,-76.0,53.0,1
2025-01-27 18:13:14,1.088,29.0,46.0,1.68,-77.0,58.0,0
2025-01-27 18:13:15,3.304,39.0,34.0,1.03,-67.0,85.0,0
2025-01-27 18:13:16,7.0,36.0,26.0,2.1,-72.0,68.0,1
2025-01-27 18:13:17,6.464,14.0,42.0,1.72,-65.0,86.0,1
2025-01-27 18:13:18,7.928,13.0,33.0,0.92,-78.0,54.0,0
2025-01-27 18:13:19,3.216,45.0,19.0,2.27,-67.0,51.0,0
2025-01-27 18:13:20,1.36,28.0,27.0,1.04,-78.0,53.0,0
2025-01-27 18:13:21,6.312,48.0,12.0,1.35,-80.0,65.0,0
2025-01-27 18:13:22,2.376,10.0,12.0,0.1,-62.0,78.0,1
2025-01-27 18:13:23,3.8,38.0,40.0,2.17,-75.0,73.0,1
2025-01-27 18:13:24,3.352,48.0,24.0,1.64,-90.0,78.0,0
2025-01-27 18:13:25,3.672,36.0,24.0,2.13,-88.0,63.0,1
2025-01-27 18:13:26,2.8,15.0,21.0,1.69,-66.0,57.0,1
2025-01-27 18:13:27,6.496,49.0,15.0,2.83,-73.0,61.0,0
2025-01-27 18:13:28,4.112,37.0,39.0,1.82,-65.0,79.0,1
2025-01-27 18:13:29,3.104,13.0,37.0,0.9,-67.0,84.0,1
2025-01-27 18:13:30,6.032,13.0,42.0,2.74,-66.0,87.0,0
2025-01-27 18:13:31,4.616,28.0,27.0,2.16,-80.0,54.0,1
2025-01-27 18:13:32,3.624,17.0,44.0,0.4,-76.0,67.0,1
2025-01-27 18:13:33,3.264,10.0,36.0,0.36,-67.0,69.0,1
2025-01-27 18:13:34,3.288,11.0,29.0,2.8,-63.0,72.0,0
2025-01-27 18:13:35,5.016,14.0,20.0,0.65,-68.0,88.0,1
2025-01-27 18:13:36,6.088,47.0,24.0,2.19,-63.0,81.0,0
2025-01-27 18:13:37,3.504,14.0,27.0,1.9,-75.0,66.0,0
2025-01-27 18:13:38,2.688,20.0,27.0,1.5,-68.0,71.0,0
2025-01-27 18:13:39,3.552,14.0,48.0,2.7,-85.0,78.0,1
2025-01-27 18:13:40,4.776,47.0,49.0,0.19,-73.0,57.0,1
2025-01-27 18:13:41,7.824,13.0,17.0,1.26,-88.0,74.0,1
2025-01-27 18:13:42,5.816,43.0,10.0,0.58,-62.0,80.0,0
2025-01-27 18:13:43,5.08,27.0,39.0,2.14,-88.0,72.0,0
2025-01-27 18:13:44,7.648,15.0,37.0,2.4,-70.0,71.0,0
2025-01-27 18:13:45,2.392,37.0,11.0,1.3,-88.0,69.0,0
2025-01-27 18:13:46,1.928,31.0,17.0,2.55,-79.0,53.0,1
2025-01-27 18:13:47,4.304,21.0,19.0,0.8,-76.0,66.0,1
2025-01-27 18:13:48,4.64,32.0,45.0,2.27,-62.0,56.0,1
2025-01-27 18:13:49,1.344,48.0,20.0,2.89,-80.0,75.0,0
2025-01-27 18:13:50,2.96,27.0,41.0,1.7,-72.0,73.0,1
2025-01-27 18:13:51,3.144,25.0,25.0,0.97,-82.0,82.0,1
2025-01-27 18:13:52,4.632,37.0,45.0,1.43,-89.0,64.0,0
2025-01-27 18:13:53,4.208,40.0,34.0,0.12,-88.0,84.0,1
2025-01-27 18:13:54,5.208,31.0,26.0,0.22,-76.0,75.0,1
2025-01-27 18:13:55,3.888,26.0,10.0,0.47,-71.0,71.0,0
2025-01-27 18:13:56,3.448,49.0,30.0,2.38,-77.0,79.0,0
2025-01-27 18:13:57,5.688,20.0,19.0,0.59,-86.0,87.0,1
2025-01-27 18:13:58,1.6,38.0,30.0,2.18,-76.0,66.0,1
2025-01-27 18:13:59,1.896,32.0,34.0,0.76,-79.0,70.0,1
2025-01-27 18:14:00,6.624,13.0,12.0,0.89,-77.0,72.0,1
2025-01-27 18:14:01,5.944,40.0,36.0,2.66,-78.0,79.0,0
2025-01-27 18:14:02,6.0,31.0,28.0,1.65,-87.0,85.0,0
2025-01-27 18:14:03,2.24,33.0,12.0,1.01,-80.0,51.0,1
2025-01-27 18:14:04,4.976,44.0,41.0,0.8,-76.0,53.0,0
2025-01-27 18:14:05,1.904,23.0,25.0,0.4,-63.0,80.0,0
2025-01-27 18:14:06,1.0,22.0,12.0,0.44,-73.0,85.0,1
2025-01-27 18:14:07,4.752,18.0,21.0,0.21,-89.0,87.0,1
2025-01-27 18:14:08,1.28,33.0,34.0,0.44,-87.0,50.0,0
2025-01-27 18:14:09,1.608,47.0,10.0,1.12,-70.0,66.0,0
2025-01-27 18:14:10,5.808,46.0,30.0,2.81,-87.0,69.0,1
2025-01-27 18:14:11,6.072,41.0,48.0,0.78,-72.0,57.0,0
2025-01-27 18:14:12,7.768,19.0,40.0,0.89,-72.0,73.0,0
2025-01-27 18:14:13,3.456,23.0,49.0,1.56,-71.0,66.0,0
2025-01-27 18:14:14,7.984,48.0,46.0,2.69,-70.0,87.0,1
2025-01-27 18:14:15,4.352,38.0,40.0,2.27,-68.0,70.0,0
2025-01-27 18:14:16,7.216,48.0,48.0,2.83,-88.0,73.0,1
2025-01-27 18:14:17,5.736,18.0,24.0,2.49,-84.0,57.0,1
2025-01-27 18:14:18,7.088,22.0,12.0,1.38,-62.0,81.0,0
2025-01-27 18:14:19,2.8,10.0,49.0,2.93,-66.0,59.0,1
2025-01-27 18:14:20,5.584,30.0,32.0,0.4,-84.0,53.0,1
2025-01-27 18:14:21,5.688,31.0,34.0,1.86,-65.0,88.0,1
2025-01-27 18:14:22,3.568,20.0,41.0,2.66,-70.0,65.0,0
2025-01-27 18:14:23,3.2,27.0,30.0,1.59,-84.0,60.0,1
2025-01-27 18:14:24,2.368,49.0,28.0,1.32,-80.0,52.0,0
2025-01-27 18:14:25,5.8,46.0,26.0,0.94,-86.0,56.0,0
2025-01-27 18:14:26,4.64,38.0,32.0,2.64,-66.0,69.0,0
2025-01-27 18:14:27,7.416,31.0,13.0,1.79,-75.0,74.0,1
2025-01-27 18:14:28,7.752,48.0,48.0,0.53,-76.0,81.0,0
2025-01-27 18:14:29,1.48,48.0,35.0,1.15,-63.0,87.0,1
2025-01-27 18:14:30,5.76,21.0,14.0,2.8,-73.0,56.0,1
2025-01-27 18:14:31,4.472,46.0,41.0,0.3,-83.0,56.0,1
2025-01-27 18:14:32,4.392,25.0,29.0,1.66,-78.0,52.0,0
2025-01-27 18:14:33,6.944,43.0,27.0,0.56,-89.0,74.0,0
2025-01-27 18:14:34,5.352,37.0,13.0,1.23,-69.0,65.0,0
2025-01-27 18:14:35,4.808,44.0,33.0,2.66,-84.0,84.0,1
2025-01-27 18:14:36,0.848,39.0,21.0,2.98,-80.0,80.0,0
2025-01-27 18:14:37,1.728,38.0,37.0,1.16,-90.0,83.0,0
2025-01-27 18:14:38,6.2,41.0,16.0,0.36,-64.0,54.0,1
2025-01-27 18:14:39,4.08,25.0,30.0,0.58,-73.0,89.0,1
2025-01-27 18:14:40,7.6,45.0,30.0,1.27,-64.0,79.0,0
2025-01-27 18:14:41,4.696,39.0,15.0,0.68,-89.0,52.0,0
2025-01-27 18:14:42,5.72,19.0,23.0,2.6,-62.0,85.0,0
2025-01-27 18:14:43,2.688,26.0,19.0,0.17,-73.0,82.0,0
2025-01-27 18:14:44,1.216,46.0,35.0,1.14,-64.0,66.0,1
2025-01-27 18:14:45,7.032,34.0,26.0,0.84,-73.0,84.0,1
2025-01-27 18:14:46,6.232,47.0,30.0,1.22,-72.0,85.0,0
2025-01-27 18:14:47,1.144,22.0,20.0,2.0,-69.0,57.0,0
2025-01-27 18:14:48,2.312,45.0,44.0,1.93,-66.0,52.0,1
2025-01-27 18:14:49,6.008,18.0,24.0,0.33,-67.0,80.0,1
2025-01-27 18:14:50,7.008,47.0,34.0,0.29,-81.0,83.0,1
2025-01-27 18:14:51,1.056,25.0,14.0,0.15,-69.0,80.0,1
2025-01-27 18:14:52,7.4,37.0,15.0,0.88,-79.0,50.0,0
2025-01-27 18:14:53,7.432,41.0,30.0,0.68,-62.0,62.0,0
2025-01-27 18:14:54,3.032,38.0,13.0,0.58,-86.0,58.0,1
2025-01-27 18:14:55,3.712,21.0,23.0,0.24,-72.0,84.0,1
2025-01-27 18:14:56,4.784,21.0,24.0,2.69,-84.0,80.0,1
2025-01-27 18:14:57,0.968,15.0,36.0,2.0,-76.0,86.0,0
2025-01-27 18:14:58,0.984,12.0,40.0,0.82,-67.0,89.0,0
2025-01-27 18:14:59,2.44,13.0,11.0,2.08,-68.0,78.0,1
2025-01-27 18:15:00,2.64,27.0,21.0,1.73,-76.0,65.0,0
2025-01-27 18:15:01,7.352,36.0,39.0,0.81,-82.0,73.0,0
2025-01-27 18:15:02,2.464,19.0,30.0,1.6,-87.0,57.0,1
2025-01-27 18:15:03,7.144,39.0,12.0,0.86,-88.0,69.0,1
2025-01-27 18:15:04,3.112,30.0,43.0,1.1,-90.0,87.0,0
2025-01-27 18:15:05,4.224,30.0,12.0,1.54,-75.0,67.0,0
2025-01-27 18:15:06,6.568,11.0,46.0,2.51,-64.0,61.0,1
2025-01-27 18:15:07,1.592,24.0,33.0,1.82,-72.0,78.0,0
2025-01-27 18:15:08,4.472,23.0,46.0,0.73,-87.0,72.0,1
2025-01-27 18:15:09,3.32,32.0,13.0,0.77,-75.0,67.0,0
2025-01-27 18:15:10,5.808,32.0,49.0,0.87,-81.0,64.0,0
2025-01-27 18:15:11,5.488,16.0,28.0,1.9,-71.0,62.0,1
2025-01-27 18:15:12,1.384,45.0,27.0,1.5,-65.0,74.0,0
2025-01-27 18:15:13,6.88,23.0,12.0,0.37,-61.0,55.0,0
2025-01-27 18:15:14,4.264,19.0,11.0,0.75,-68.0,84.0,1
2025-01-27 18:15:15,2.44,15.0,26.0,1.5,-89.0,76.0,1
2025-01-27 18:15:16,1.216,45.0,24.0,0.25,-77.0,59.0,0
2025-01-27 18:15:17,3.16,36.0,37.0,2.17,-61.0,64.0,1
2025-01-27 18:15:18,7.048,19.0,20.0,2.63,-82.0,85.0,1
2025-01-27 18:15:19,4.72,46.0,26.0,0.31,-85.0,65.0,0
2025-01-27 18:15:20,5.168,41.0,24.0,0.33,-67.0,56.0,1
2025-01-27 18:15:21,1.624,29.0,30.0,2.94,-84.0,77.0,0
2025-01-27 18:15:22,2.216,47.0,37.0,2.84,-62.0,87.0,0
2025-01-27 18:15:23,6.248,18.0,11.0,0.86,-86.0,64.0,0
2025-01-27 18:15:24,4.976,35.0,12.0,1.35,-74.0,64.0,1
2025-01-27 18:15:25,2.432,17.0,46.0,2.46,-74.0,69.0,1
2025-01-27 18:15:26,1.64,15.0,26.0,2.45,-66.0,71.0,1
2025-01-27 18:15:27,5.192,29.0,36.0,0.81,-83.0,76.0,1
2025-01-27 18:15:28,1.856,40.0,22.0,0.33,-79.0,63.0,1
2025-01-27 18:15:29,4.312,30.0,25.0,2.36,-80.0,62.0,0
2025-01-27 18:15:30,3.032,19.0,45.0,2.91,-80.0,88.0,0
2025-01-27 18:15:31,3.928,42.0,27.0,2.94,-73.0,89.0,1
2025-01-27 18:15:32,7.648,13.0,16.0,2.74,-80.0,58.0,1
2025-01-27 18:15:33,3.288,11.0,12.0,1.56,-64.0,85.0,0
2025-01-27 18:15:34,4.432,43.0,20.0,2.49,-81.0,62.0,1
2025-01-27 18:15:35,5.392,48.0,35.0,1.97,-82.0,80.0,0
2025-01-27 18:15:36,5.296,25.0,28.0,2.74,-81.0,66.0,0
2025-01-27 18:15:37,4.064,16.0,23.0,1.24,-87.0,81.0,1
2025-01-27 18:15:38,1.944,10.0,20.0,1.2,-68.0,87.0,1
2025-01-27 18:15:39,5.888,41.0,44.0,0.5,-66.0,83.0,1
2025-01-27 18:15:40,6.208,23.0,43.0,0.8,-87.0,77.0,0
2025-01-27 18:15:41,1.76,11.0,28.0,1.14,-77.0,86.0,1
2025-01-27 18:15:42,6.648,18.0,43.0,1.47,-88.0,87.0,0
2025-01-27 18:15:43,5.496,24.0,11.0,1.61,-73.0,81.0,1
2025-01-27 18:15:44,1.904,40.0,27.0,1.79,-67.0,65.0,1
2025-01-27 18:15:45,6.536,22.0,31.0,2.46,-83.0,73.0,0
2025-01-27 18:15:46,7.624,43.0,35.0,2.78,-85.0,56.0,1
2025-01-27 18:15:47,2.512,46.0,49.0,1.25,-83.0,83.0,1
2025-01-27 18:15:48,7.928,12.0,23.0,0.11,-66.0,59.0,0
2025-01-27 18:15:49,1.84,10.0,31.0,1.12,-61.0,70.0,0
2025-01-27 18:15:50,2.256,48.0,49.0,2.66,-61.0,83.0,0
2025-01-27 18:15:51,1.288,10.0,34.0,1.91,-78.0,80.0,1
2025-01-27 18:15:52,5.664,12.0,24.0,1.83,-79.0,73.0,0
2025-01-27 18:15:53,5.064,40.0,12.0,1.63,-67.0,75.0,0
2025-01-27 18:15:54,2.96,40.0,20.0,2.18,-61.0,89.0,1
2025-01-27 18:15:55,2.44,14.0,25.0,0.37,-64.0,67.0,0
2025-01-27 18:15:56,2.6,34.0,32.0,0.82,-88.0,54.0,0
2025-01-27 18:15:57,7.448,15.0,48.0,0.51,-78.0,50.0,1
2025-01-27 18:15:58,5.272,12.0,17.0,0.26,-70.0,61.0,1
2025-01-27 18:15:59,1.792,32.0,21.0,2.77,-77.0,72.0,0
2025-01-27 18:16:00,1.88,26.0,37.0,1.97,-84.0,75.0,1
2025-01-27 18:16:01,2.472,42.0,30.0,1.98,-80.0,83.0,1
2025-01-27 18:16:02,3.68,19.0,11.0,2.74,-62.0,55.0,1
2025-01-27 18:16:03,6.16,23.0,43.0,0.12,-71.0,63.0,1
2025-01-27 18:16:04,1.696,22.0,34.0,0.28,-81.0,53.0,0
2025-01-27 18:16:05,3.856,11.0,47.0,2.77,-67.0,70.0,1
2025-01-27 18:16:06,3.816,26.0,15.0,2.86,-67.0,70.0,0
2025-01-27 18:16:07,7.688,11.0,40.0,0.24,-65.0,67.0,1
2025-01-27 18:16:08,2.568,28.0,30.0,1.26,-86.0,83.0,1
2025-01-27 18:16:09,5.784,41.0,41.0,2.58,-82.0,67.0,0
2025-01-27 18:16:10,0.848,22.0,12.0,0.23,-82.0,71.0,0
2025-01-27 18:16:11,3.592,19.0,33.0,0.76,-76.0,87.0,1
2025-01-27 18:16:12,7.6,23.0,33.0,2.58,-64.0,82.0,1
2025-01-27 18:16:13,4.528,16.0,28.0,0.38,-88.0,69.0,0
2025-01-27 18:16:14,7.448,31.0,17.0,0.11,-88.0,65.0,1
2025-01-27 18:16:15,6.112,16.0,28.0,1.38,-70.0,50.0,0
2025-01-27 18:16:16,1.224,34.0,19.0,0.74,-81.0,73.0,1
2025-01-27 18:16:17,3.336,41.0,13.0,0.96,-83.0,86.0,0
2025-01-27 18:16:18,3.952,33.0,41.0,0.89,-67.0,89.0,1
2025-01-27 18:16:19,4.184,27.0,41.0,1.51,-71.0,50.0,1
2025-01-27 18:16:20,4.68,35.0,43.0,0.49,-69.0,59.0,0
2025-01-27 18:16:21,5.808,46.0,46.0,1.52,-65.0,65.0,1
2025-01-27 18:16:22,7.744,26.0,11.0,2.69,-65.0,74.0,0
2025-01-27 18:16:23,7.616,18.0,26.0,1.28,-69.0,89.0,1
2025-01-27 18:16:24,7.52,41.0,27.0,2.82,-86.0,77.0,0
2025-01-27 18:16:25,2.36,28.0,30.0,0.59,-72.0,79.0,1
2025-01-27 18:16:26,6.0,40.0,42.0,2.42,-90.0,73.0,0
2025-01-27 18:16:27,3.6,28.0,23.0,0.72,-65.0,72.0,1
2025-01-27 18:16:28,4.352,28.0,32.0,1.72,-75.0,73.0,1
2025-01-27 18:16:29,1.688,30.0,45.0,2.47,-61.0,74.0,1
2025-01-27 18:16:30,1.968,49.0,17.0,2.23,-83.0,83.0,1
2025-01-27 18:16:31,1.688,27.0,41.0,2.36,-65.0,75.0,0
2025-01-27 18:16:32,4.168,33.0,10.0,2.64,-73.0,51.0,0
2025-01-27 18:16:33,3.96,14.0,18.0,1.56,-76.0,86.0,0
2025-01-27 18:16:34,3.48,38.0,20.0,1.88,-74.0,52.0,0
2025-01-27 18:16:35,6.584,46.0,30.0,0.99,-79.0,51.0,1
2025-01-27 18:16:36,5.328,26.0,18.0,0.75,-87.0,80.0,1
2025-01-27 18:16:37,2.472,34.0,33.0,0.19,-85.0,63.0,0
2025-01-27 18:16:38,6.088,16.0,39.0,1.37,-90.0,85.0,0
2025-01-27 18:16:39,2.32,40.0,42.0,1.61,-87.0,60.0,0
2025-01-27 18:16:40,91.952,504.647,0.756,17.0,-114.479,28.487,1
2025-01-27 18:16:41,106.073,361.464,1.489,18.405,-107.681,18.959,1
2025-01-27 18:16:42,97.122,316.586,3.595,18.571,-108.46,7.589,1
2025-01-27 18:16:43,111.926,246.716,2.509,14.221,-100.638,25.323,0
2025-01-27 18:16:44,98.1,658.807,2.057,6.457,-107.015,29.947,1
2025-01-27 18:16:45,94.227,512.829,3.079,9.236,-109.708,29.459,1
2025-01-27 18:16:46,85.496,497.19,1.101,14.978,-114.395,14.598,0
2025-01-27 18:16:47,93.283,403.709,0.781,13.036,-115.797,9.436,0
2025-01-27 18:16:48,55.357,272.621,3.059,7.622,-114.508,16.243,0
2025-01-27 18:16:49,591.131,4.614,6.413,-110.559,24.111,1
2025-01-27 18:16:50,66.481,407.515,3.108,11.148,-115.962,15.128,0
2025-01-27 18:16:51,52.734,384.01,2.83,9.35,-118.049,17.886,1
2025-01-27 18:16:52,72.945,735.294,2.729,19.248,-111.722,6.192,0
2025-01-27 18:16:53,73.669,320.936,4.482,12.709,-101.288,12.709,1
2025-01-27 18:16:54,99.18,352.899,0.895,6.61,-113.885,6.774,1
2025-01-27 18:16:55,54.506,654.652,4.351,19.981,-113.72,17.588,0
2025-01-27 18:16:56,65.861,254.53,1.794,12.051,-111.865,6.825,1
2025-01-27 18:16:57,102.827,268.926,0.919,10.762,-111.18,11.945,0
2025-01-27 18:16:58,103.112,515.49,2.36,9.789,-116.879,11.678,1
2025-01-27 18:16:59,61.182,313.592,0.971,5.289,-119.192,10.745,1
2025-01-27 18:17:00,52.143,401.026,3.691,8.57,-104.95,19.697,1
2025-01-27 18:17:01,63.431,340.304,4.275,15.582,-100.909,8.987,1
2025-01-27 18:17:02,61.752,308.966,0.954,14.345,-111.954,9.958,1
2025-01-27 18:17:03,90.641,507.051,3.876,15.314,-105.874,15.403,0
2025-01-27 18:17:04,62.05,758.553,3.075,16.71,-110.674,17.749,1
2025-01-27 18:17:05,58.473,365.664,4.241,16.136,-100.502,27.335,0
2025-01-27 18:17:06,74.124,403.441,2.382,10.522,-114.352,22.119,0
2025-01-27 18:17:07,87.186,398.914,0.968,18.13,-119.514,6.484,0
2025-01-27 18:17:08,81.914,239.74,0.97,19.341,-110.182,12.953,1
2025-01-27 18:17:09,79.986,741.858,2.353,13.136,-103.115,23.19,0
2025-01-27 18:17:10,83.966,304.247,2.055,15.037,-102.056,27.122,0
2025-01-27 18:17:11,59.91,689.889,0.512,18.494,-102.673,17.287,1
2025-01-27 18:17:12,113.66,748.894,4.78,8.029,-110.584,16.97,1
2025-01-27 18:17:13,55.603,684.9.103,20,0.655,14.959,-105.288,5.214,1
2025-01-27 18:17:14,96.064,454.204,3.485,15.411,-112.73,20.849,0
2025-01-27 18:17:15,91.745,696.853,4.729,10.909,-103.227,14.35,0
2025-01-27 18:17:16,70.338,307.694,2.23,10.419,-107.003,7.135,1
2025-01-27 18:17:17,74.063,562.024,3.543,8.584,-101.577,16.445,0
2025-01-27 18:17:18,101.892,654.399,4.852,10.769,-101.811,17.423,0
2025-01-27 18:17:19,79.02,585.476,4.822,11.103,-104.592,16.553,1
2025-01-27 18:17:20,117.875,628.339,3.72,16.317,-117.337,24.966,0
2025-01-27 18:17:21,68.0,393.667,2.436,19.762,-118.384,11.562,1
2025-01-27 18:17:22,63.215,708.852,4.494,14.897,-105.722,14.676,1
2025-01-27 18:17:23,53.69,638.62,0.772,11.648,-108.468,13.862,1
2025-01-27 18:17:24,89.269,589.864,3.482,13.655,-108.225,8.061,1
2025-01-27 18:17:25,90.633,773.686,4.023,8.229,-108.453,21.952,0
2025-01-27 18:17:26,55.954,309.674,3.44,5.834,-115.567,9.741,0
2025-01-27 18:17:27,102.368,362.82,0.887,9.628,-114.49,14.109,0
2025-01-27 18:17:28,110.15,731.47,1.886,19.102,-104.983,12.693,1
2025-01-27 18:17:29,63.124,361.548,1.07,7.748,-103.218,8.376,0
2025-01-27 18:17:30,92.714,547.741,1.383,7.554,-117.493,28.077,1
2025-01-27 18:17:31,116.369,472.822,4.268,16.692,-108.364,19.494,0
2025-01-27 18:17:32,95.912,259.286,2.957,9.593,-104.169,19.759,1
2025-01-27 18:17:33,57.617,482.704,1.285,7.636,-106.525,17.214,1
2025-01-27 18:17:34,81.222,736.432,4.506,12.556,-103.796,29.301,1
2025-01-27 18:17:35,106.701,343.529,0.967,19.994,-109.315,17.169,1
2025-01-27 18:17:36,81.328,380.221,1.582,8.278,-112.018,7.662,1
2025-01-27 18:17:37,99.329,289.597,0.626,17.085,-104.257,22.438,0
2025-01-27 18:17:38,74.282,299.171,0.821,5.364,-110.331,7.0,0
2025-01-27 18:17:39,95.077,716.569,3.695,12.04,-108.609,5.241,0
2025-01-27 18:17:40,83.181,504.379,2.554,7.805,-113.441,21.946,1
2025-01-27 18:17:41,61.168,768.869,4.496,10.22,-116.961,26.931,0
2025-01-27 18:17:42,100.511,387.734,3.295,6.563,-102.2,9.961,1
2025-01-27 18:17:43,89.666,524.675,3.465,10.235,-119.029,20.767,1
2025-01-27 18:17:44,64.732,362.782,0.88,18.07,-114.487,11.879,0
2025-01-27 18:17:45,107.886,717.588,3.324,12.236,-117.09,6.967,1
2025-01-27 18:17:46,109.123,302.11,2.522,10.017,-115.724,22.67,1
2025-01-27 18:17:47,104.409,763.577,0.882,5.735,-108.984,7.336,0
2025-01-27 18:17:48,71.814,308.009,4.645,14.614,-100.939,7.419,0
2025-01-27 18:17:49,86.962,780.554,1.353,12.406,-106.957,14.552,1
2025-01-27 18:17:50,107.488,392.563,3.515,9.452,-101.5,7.17,1
2025-01-27 18:17:51,60.099,651.531,4.65,17.755,-110.907,23.009,0
2025-01-27 18:17:52,64.481,223.916,2.488,7.78,-114.214,13.835,1
2025-01-27 18:17:53,72.647,493.939,3.931,10.162,-113.616,16.135,0
2025-01-27 18:17:54,63.236,307.752,3.673,11.015,-102.44,5.753,0
2025-01-27 18:17:55,100.183,549.027,2.208,8.337,-117.12,11.3,1
2025-01-27 18:17:56,70.289,705.611,1.915,12.825,-104.838,5.21,1
2025-01-27 18:17:57,60.42,763.737,4.172,15.034,-101.181,13.873,1
2025-01-27 18:17:58,87.435,235.545,0.878,7.534,-105.598,24.721,1
2025-01-27 18:17:59,116.37,494.467,2.877,17.993,-101.246,5.223,0
2025-01-27 18:18:00,83.164,413.077,4.54,8.645,-113.653,24.094,0
2025-01-27 18:18:01,77.217,471.617,4.326,10.637,-104.557,28.501,0
2025-01-27 18:18:02,93.631,783.545,3.648,17.669,-111.572,8.638,0
2025-01-27 18:18:03,65.871,615.174,4.336,13.375,-109.11,13.199,0
2025-01-27 18:18:04,106.281,527.791,4.832,10.113,-113.752,7.414,0
2025-01-27 18:18:05,115.031,331.38,2.312,11.857,-102.035,20.236,0
2025-01-27 18:18:06,82.681,224.43,2.293,8.535,-102.982,21.308,0
2025-01-27 18:18:07,85.067,339.35,2.34,10.487,-105.72,21.425,0
2025-01-27 18:18:08,62.093,557.925,2.281,14.451,-103.027,17.582,0
2025-01-27 18:18:09,67.562,281.462,4.992,14.107,-109.142,11.784,1
2025-01-27 18:18:10,58.257,336.953,3.168,16.089,-110.322,29.405,1
2025-01-27 18:18:11,92.259,373.154,0.783,10.849,-103.261,10.095,0
2025-01-27 18:18:12,72.085,540.969,1.631,5.749,-105.862,24.95,0
2025-01-27 18:18:13,53.83,381.298,4.927,19.585,-117.284,18.322,1
2025-01-27 18:18:14,63.293,544.988,2.368,16.609,-119.102,17.961,0
2025-01-27 18:18:15,97.737,587.099,3.415,15.33,-110.433,13.153,0
2025-01-27 18:18:16,116.275,529.604,2.096,8.812,-117.468,8.64,1
2025-01-27 18:18:17,53.187,273.533,4.418,19.79,-109.68,11.194,0
2025-01-27 18:18:18,82.034,787.623,1.692,15.346,-118.127,9.87,0
2025-01-27 18:18:19,105.184,235.037,4.432,8.865,-110.486,21.154,1
